3.712846843551293e-12,3.374417238313242e-10,1.929053919539984e-12,6.085999105372224e-11,4.7895986057226766e-11,8.759856086188093e-11,1.0929100403677257e-09,2.425770373929541e-10,2.606466171726702e-12,5.0629927246700266e-11,1.3854552647664113e-10,2.0992603911995234e-10,1.5113370063618018e-10,1.488454596837949e-10,1.908050210612807e-09,2.289665967686167e-13,3.716312435894472e-09,7.287673931426058e-11,1.4589633757012102e-09,1.5948557146147322e-11,2.874785598534935e-10,9.075245037913139e-11,6.08858683898578e-10,2.719530255560054e-11,1.7897852153699997e-09,1.8397293731959717e-11,8.847409198705643e-12,9.430316844063068e-11,3.101041674124585e-11,1.7251394185188447e-10,5.243219059939122e-10,1.234265222075454e-10,4.336958012397531e-10,4.914224825068337e-11,2.525433214891687e-10,1.949849385459156e-11,2.9418772516605538e-12,3.0463050111235675e-11,1.7537457612774447e-12,5.699759285634097e-11,5.518122577416764e-12
5.2150763781233667e-11,3.905380757883108e-10,8.168034364083518e-12,2.6658447389938718e-11,4.318982529244825e-10,2.395470482065673e-10,6.294337079603776e-10,2.0408389408920046e-11,4.5549813304808856e-10,4.629731518164229e-11,7.478947041800074e-11,4.3599763715818433e-10,6.324762640374177e-12,4.378849252908996e-10,2.948989416362673e-09,2.0841479369666738e-11,6.267382850423916e-11,1.2714478018376986e-12,9.194942413635428e-10,5.818062205385852e-12,5.107060365116744e-07,4.947310388318097e-13,3.1061173143129907e-09,2.1578111866730063e-10,3.4777185734937815e-10,6.327986942299473e-11,3.2325495536525576e-10,2.442790404825669e-10,2.224565844590637e-12,6.057049153891142e-10,2.1105314555062513e-12,2.467994336002945e-10,1.2481681235824425e-09,2.280376479524734e-13,4.970150240892284e-10,1.530024278942219e-10,8.246456806379975e-12,2.0273400321756327e-11,8.95543371639064e-11,2.9612111066814494e-10,3.2471588168503615e-14
5.806743829031321e-10,3.0249630404878026e-10,4.3761450445973325e-12,4.475670866676628e-12,6.299525720947984e-11,5.627809913183163e-10,3.183798837936002e-11,4.5349021052534616e-11,1.1500018786557794e-10,1.4975065502347804e-10,1.911466170745661e-12,4.230526963972973e-10,7.249256986287101e-10,8.843669900237801e-11,4.268183527530832e-10,6.605923672900279e-12,1.452373260062906e-10,4.253618529753944e-12,2.1990314071733314e-09,9.357265824869045e-16,4.661322070795199e-06,4.2406853704434523e-11,8.624269248863681e-09,6.553446316050566e-11,1.6775738347538952e-09,3.363892923248702e-11,1.4264863903535345e-09,1.486989661947937e-11,7.718056388589341e-10,1.3945243467847628e-10,1.5688701148236853e-11,1.2957951830206635e-10,1.0552129511574654e-09,7.570284341019295e-11,6.136233326679862e-11,1.8369577878345112e-10,1.067409176504786e-10,6.510322501955469e-14,8.292169366260987e-13,4.546842801646922e-10,7.416286047782874e-11
9.093206880324987e-11,8.542184165580786e-10,6.581826636504143e-12,2.0460089018376335e-10,1.6171667506484014e-10,5.312935153968072e-10,9.486312097384032e-11,9.088279970899428e-11,2.5688336481208307e-10,2.1838873668948317e-10,1.5113657144681802e-10,2.808102695090165e-10,2.7679600420199286e-10,3.6639209919657215e-10,6.505502677393336e-10,4.04688087380055e-11,5.882157618700426e-10,1.4956228461007026e-11,5.196556065259324e-11,5.844667316836335e-12,7.963439057876847e-07,1.4207980331108824e-11,1.4375499980613527e-08,6.602304645602176e-13,5.366094954149146e-09,4.613906734644972e-12,5.1928223506071714e-09,1.1318383407476188e-10,1.8145595993098406e-10,2.895820318945678e-10,3.724267427373648e-10,1.5649460964027283e-11,3.200553095809988e-10,8.970477153296837e-12,1.9065243407360528e-10,5.3379129477906477e-11,1.418736579901113e-12,3.209765813384353e-10,6.350211088128729e-11,1.5182248422790828e-10,1.930489435453878e-11
5.5922891313837605e-11,2.3340520907026526e-10,5.724336917280525e-13,3.775118888641675e-10,3.3663733612925793e-10,2.7922907228857727e-10,2.2630800846060108e-10,3.0286513407902066e-11,1.0257132550453451e-10,2.0497377227312307e-10,8.890073415726797e-12,1.7778147106929518e-10,5.608291306293016e-10,5.81009458148621e-10,3.7674441592590256e-10,1.974006191832897e-11,2.1058541111721873e-09,6.783403501626168e-12,1.6030813142394144e-09,8.045201987967329e-11,4.377395575339807e-07,7.637368351681597e-11,2.6232609694813002e-08,1.550017684164243e-11,9.925833307422357e-09,3.1633350559159353e-11,4.32653995782668e-09,1.5016693990881009e-10,1.1014435846675623e-09,2.669200026746418e-10,5.578425066397759e-10,2.99722978687931e-11,4.0570673038555974e-10,2.050519708714662e-11,1.2342007357230624e-10,8.838438774866816e-11,2.93072882743049e-12,4.3262753256175415e-10,4.4889432989023204e-10,9.59104156274666e-12,4.177588237784387e-11
2.822148198359142e-10,3.0453924146523044e-11,1.2869955293873125e-10,9.90557024219283e-13,1.29065783433618e-10,6.102758322833292e-12,9.72896727059527e-11,2.473878643485706e-12,1.5586977319579769e-12,1.239120545126799e-12,2.898071088450155e-11,1.9323575489286327e-10,4.521706835060992e-10,6.672262054177654e-11,1.6990070476812586e-10,3.131169934754935e-11,1.1965496167134544e-09,3.888468234806067e-11,3.3817894915269917e-09,3.5047966259034517e-11,1.2280547280288756e-07,1.4296098045722611e-10,7.627267264269772e-09,2.0008721412743013e-13,9.478611276065837e-09,1.48436968515831e-11,6.130168253821476e-10,3.226698315668523e-10,2.0496526757328505e-09,1.0110319581674008e-10,4.734377160627312e-10,1.4155372718419695e-10,6.602697240559679e-10,3.463837075099626e-11,1.0701177436163863e-11,1.8166426935561846e-10,1.0776446396199762e-11,1.4649469200647692e-10,1.910257218473825e-10,3.886652989614937e-11,1.3551494376573518e-10
3.7641286591473477e-10,4.4605631998731945e-11,3.747558659133774e-11,1.9286426107268252e-11,8.818586016301256e-11,2.2697187012733717e-11,3.0997935848179465e-12,1.18104067421443e-11,1.9784872649560386e-10,1.44776072977907e-10,3.601280742669032e-10,1.5704686242440298e-10,4.5383884541323625e-10,9.585325784472885e-11,1.175045399765316e-10,1.2904691407519923e-12,2.1123301069806806e-11,3.907186723543229e-11,7.021138310217821e-10,1.6511514092874483e-10,1.0034348461499739e-07,2.3587581622272855e-11,5.804838259519537e-12,1.0189017187376863e-11,6.26674182329356e-09,2.157666283131482e-10,1.6488453928964574e-10,5.697040144509736e-10,1.1574447737960086e-09,4.250131468851475e-10,5.798226380737142e-10,2.1680447891303307e-10,8.921413002494735e-10,5.915752735628141e-12,5.144856811026449e-10,2.0555379274944214e-11,3.076424522475173e-10,4.999413477086861e-11,7.037999645883245e-11,1.1683363689801048e-12,3.575098544626362e-10
2.2513196062509157e-10,1.966071789929452e-11,2.2834036293356674e-11,1.4875917387442032e-10,9.334803088303167e-11,3.330327517224428e-11,3.9050194159934343e-10,3.234327233485588e-11,3.711554216061546e-11,2.3611596250193313e-10,5.70382996772621e-11,2.0706005590603025e-10,2.7242909744547677e-12,9.405810663465077e-11,4.7856674773220296e-11,1.6490392559897702e-11,1.7383530135211448e-09,2.2514592145693664e-11,1.7618276328310638e-11,6.188885456586061e-11,7.310747807115031e-07,3.020959946003688e-12,7.006189874058782e-09,2.4089517628562838e-11,3.902447811388415e-09,8.550396446578754e-11,9.541568525419166e-11,8.572142232471906e-10,1.2256211903422093e-09,4.71179502331951e-10,1.3180241823550244e-10,9.268968952615027e-11,1.0616586826558085e-09,8.354070284622813e-11,2.35760232577497e-10,3.5159448156206427e-12,4.900312980542747e-10,3.6559109738484256e-11,1.3999582462281262e-10,4.29662289618428e-12,1.9922875998587848e-10
7.484065589679521e-11,6.824323755630829e-11,1.24168253807944e-10,1.7729237916716767e-10,5.761809080036808e-11,5.014492134969044e-12,1.4715166512334248e-10,1.236379339487639e-10,4.902382727321541e-12,3.929681870904665e-11,7.514537210560155e-11,5.482789855376154e-10,3.2099640143228217e-10,6.361639796938969e-12,8.290038100912535e-10,5.121136653390365e-11,8.416698628348386e-10,1.695159558213764e-10,5.3586960154367446e-09,1.504325910489296e-11,1.1162276106944465e-06,1.804464461558762e-11,5.112857756329324e-09,5.5667075745911686e-11,3.774057146266882e-09,1.2190514442700259e-11,1.2769119242174628e-11,4.232833961225192e-10,3.196340717185354e-10,3.958769889730007e-10,2.534319287420291e-15,4.6314577904717704e-12,1.0856034085138852e-09,4.341478520014661e-11,5.217685598368728e-13,3.9643308943819196e-10,3.3918813617216746e-10,1.6631848250367395e-11,1.3996775664823467e-10,4.032288830997351e-13,9.803921771581279e-11
3.46911604517506e-11,1.795258475059497e-10,2.817776207848308e-12,1.9974797259400734e-10,4.2912406815125515e-13,1.5694017266519029e-12,3.8216607281666525e-11,1.765855465483046e-10,1.3134436824976617e-10,2.4265065544102453e-10,1.3775184460666465e-10,8.095475340393332e-11,5.798354416542503e-14,2.149280272564841e-11,2.61404275344065e-10,4.2693367185297913e-11,8.686359688504888e-10,7.832444151908919e-11,2.5224825112431714e-14,6.980594073565637e-12,3.875525900819109e-07,2.9774836403914087e-12,9.018889538655678e-09,4.7863284519114596e-11,2.3137485054337107e-09,4.419768765749701e-12,1.1297189252138415e-09,2.3041267856763405e-10,1.0396468530866557e-10,4.676653766238024e-10,2.02054635969014e-10,1.747500460992791e-11,2.561114247569224e-10,5.134314923023215e-11,1.5366281231183418e-10,1.9022203204796614e-10,5.812187167577712e-12,4.16880057099909e-11,1.6339669572175542e-10,8.749462982683908e-11,3.2276561342645067e-10
8.815082762280522e-13,8.808735774661112e-10,3.293327580290669e-11,3.200333638208526e-10,3.614393657127234e-11,7.640166471174862e-11,1.5497979571540523e-10,7.242707254216079e-11,8.455293184649947e-11,1.3575450080598487e-10,2.002991087054418e-10,5.4606622242698425e-11,5.848624122114529e-13,3.1831210348374042e-12,1.0083068069861787e-09,1.4742773903508393e-10,1.3730277079887022e-09,9.718407836155512e-14,9.202727735729927e-10,6.094086298210141e-13,2.685489493949525e-07,1.2202235195197876e-11,1.868725157129163e-08,6.16886791542509e-11,7.635462005682203e-11,6.971016225075326e-14,4.5516265611854065e-11,2.3461546751007566e-10,7.741262489781766e-11,3.013625964495886e-10,1.2192350006670615e-10,9.44917130260841e-13,2.92127105612865e-11,3.092888284919135e-11,1.1279442028242484e-10,2.224342180641764e-11,3.796712916453177e-11,2.5187243100822396e-11,1.0529657822510968e-10,1.2323257354625683e-11,4.609329380068976e-10
1.1554703853696077e-13,1.8586447362100976e-10,9.422199913865448e-11,3.507273908363649e-13,9.825294783404181e-12,5.9128591225340266e-12,4.7016481447417716e-11,6.76058825356468e-11,5.972978812514248e-13,4.4518046439753823e-13,1.2858948174943838e-11,6.117359131766877e-12,1.815745218359843e-09,3.3320618201525577e-12,2.9704497055977687e-09,1.6560189663606168e-10,3.2235553463749526e-10,3.454642749954221e-12,3.424289128838693e-09,4.322935390789488e-11,1.808024352855653e-07,1.59212697134554e-11,1.3690801439930349e-08,1.2275392361475884e-13,4.3640478281266665e-11,5.699856862353196e-12,1.968340086767098e-09,1.2529189749680107e-10,4.691890372325281e-10,1.420215168284841e-10,2.7971750765473614e-11,2.4408586970794004e-12,8.23710471511172e-11,3.739795742096014e-11,7.0631253061821e-12,3.469712788416888e-11,9.80689283803724e-10,1.760408610520969e-11,2.338106475415949e-13,2.7091061495547204e-10,2.2394046794859224e-10
1.1722485074848133e-11,3.4445849496149067e-11,9.46275192070101e-10,7.463425645067904e-12,3.404006452721241e-11,6.48996864506771e-11,1.71341540625294e-10,2.5927982506686893e-12,2.2514434243530004e-13,5.481976492243148e-11,7.160059848770181e-11,1.024961601550533e-11,1.4344562793078266e-09,1.60742994615962e-10,3.4943128982013805e-11,1.675620342955966e-10,1.4646385711334743e-09,6.455147330930984e-12,2.339914569742274e-08,5.057741685754768e-11,4.0224569587520404e-07,1.0520974942896689e-10,1.712166641625382e-10,4.6208073795198515e-12,1.6238317816377296e-09,3.752884489830766e-11,9.775911037346984e-10,3.3927140946760534e-10,6.058219798228985e-10,1.6889796148920693e-10,2.7374720909935974e-12,5.1029533221168516e-12,3.2906243737604673e-10,1.3228230770486252e-10,5.740906509376966e-12,1.673136782936945e-11,2.4655304051051834e-10,2.590956567086022e-12,1.1590611361570723e-10,1.7680237708551235e-10,3.356501699863149e-10
2.967644891651361e-11,6.045227497824955e-11,4.83312752100727e-10,3.341916885078971e-12,1.6389671799002654e-12,3.600202410542704e-12,5.938175858825042e-12,4.445624880797355e-11,2.7107492884699916e-12,2.565240771861969e-11,6.820061722988506e-11,1.1735811193100374e-11,1.490369130710824e-09,1.9494911260002848e-10,7.844489381183414e-12,3.7129931749256086e-10,2.4825018689724135e-10,7.149767892218793e-15,2.3377384010480482e-08,4.749117864592488e-11,2.4734422699183717e-07,2.082162231822502e-10,2.7085341410288617e-11,1.0038294791933684e-10,5.957378530068304e-09,5.266423018705142e-11,3.98379614150559e-11,6.378386448324635e-11,4.032546885436363e-10,1.416444707678475e-10,2.0915454804358696e-11,1.4064574726131969e-11,1.1075570728168972e-10,3.1687737413957e-11,6.840725234122282e-12,1.136497766177763e-10,3.712982886665914e-10,3.1447320338208793e-10,1.684332598976086e-10,2.1761503727279784e-12,7.148540384351316e-11
3.647910688913938e-13,1.1254641645185633e-10,4.273787360510887e-10,2.6639730629851347e-10,1.2311997598669118e-10,9.636672782264878e-11,8.690864660388187e-11,4.2568137713163095e-13,1.995397954834902e-11,1.0400946090156097e-10,8.980738088312777e-11,6.885614106970211e-11,1.5903279970619978e-09,2.8609726501688823e-10,1.7294796384280906e-09,1.2745018059745225e-10,6.222454146276633e-09,5.123486813258618e-13,5.4889015923375535e-09,2.0850485688241533e-10,8.174151259420757e-07,2.5835730010641967e-10,3.095120544453243e-09,8.271290005226743e-11,6.092424143957839e-10,2.1541638101937962e-10,2.9014534103643446e-10,1.7139210544238153e-10,2.2236030917702378e-13,6.454592336339438e-10,8.158821532795923e-10,1.225285085098386e-13,6.244776872172208e-10,1.2669864180350897e-10,1.134583608839572e-10,1.310412328101978e-13,1.7850302547663816e-11,4.949403726088157e-11,3.3995287460587386e-11,8.671098834239101e-11,2.99810186550975e-11
6.092600094060493e-11,1.184968097875161e-10,2.4327466265758614e-10,2.4685493423186214e-10,1.960077931231991e-10,9.996781791179292e-11,7.111368697151221e-11,6.130984437964208e-11,7.745940252595248e-11,1.575680956043729e-11,5.87472562703606e-11,2.4965607215533662e-12,5.78277586746265e-10,2.9384312583597546e-11,9.545885143164291e-10,1.627908483128517e-10,3.4700860234464473e-10,1.8555829029364466e-13,1.3339211097687101e-08,3.186169248490714e-10,7.847762407055506e-08,8.406188220859084e-11,3.8483710116781264e-11,4.96884657883232e-11,2.3077245628633677e-11,1.6772306091887562e-10,4.0143009691663475e-10,1.8040250148900773e-10,3.467485877576487e-10,1.3612357853119714e-10,5.318691341584431e-10,2.6837621694441723e-11,1.0337922336759004e-11,3.2020909202982874e-10,8.265041951341897e-11,2.1459775891126497e-10,3.324355643152825e-11,1.3054223522408617e-10,8.267126094197467e-13,1.1794443449613667e-10,4.8976573199387474e-11
3.2483604864022e-12,4.6992352941941264e-11,2.4756997796076075e-10,6.681397900214276e-12,2.183835929080097e-10,1.2179878069119924e-11,1.5643021354930015e-12,2.7653788879777975e-10,5.550935816588157e-10,2.0778852467980567e-11,4.1326464331606137e-10,1.6680001467299203e-10,2.418607389592949e-12,4.146039837735324e-10,3.4975423432484645e-10,3.0677271944524004e-10,9.139272193511752e-10,5.868984231455545e-11,4.973388859210046e-09,2.7579614515304787e-11,8.661367612464489e-07,9.454355587821294e-13,1.6289484814106449e-10,2.9731978975699947e-10,1.4438711033814612e-12,1.688766345374225e-10,7.558040058267052e-10,2.4990477796696343e-10,2.2308259191880854e-10,2.9293313498644716e-10,1.196670197640092e-10,4.457399304159395e-11,1.5783745998401456e-10,5.961065859179001e-10,5.0861984651319585e-11,1.662103348471995e-10,3.0674484094213894e-11,4.003834006199661e-11,2.338674665097001e-12,2.024743404257865e-10,3.062668482158654e-11
1.2281925649809786e-11,1.2209011076585472e-10,3.555789262600762e-10,1.2048923823964857e-12,1.380110679439015e-10,1.2610628287253142e-11,1.4371757059101078e-10,2.115400860246736e-10,8.502832081863404e-11,1.0352870714776746e-11,3.478858626403154e-10,2.0015801035826801e-10,1.0572721389658176e-10,1.8130822565442854e-10,1.1377577249809314e-13,6.995692929603127e-11,2.5872305367981137e-11,1.1590685191155874e-10,5.358144444524043e-11,9.213556414978738e-12,1.0033158754964535e-06,1.0088356045303545e-11,4.109485017232859e-09,9.26115658025169e-12,7.680379661337309e-10,2.8137664235016082e-11,2.5906441383275e-10,1.0635476974143183e-10,3.53709430215961e-11,1.0697227214115155e-10,2.0714616360285974e-11,2.0910525933245657e-11,4.5586871344154495e-10,6.291371210682182e-10,1.0205812980052622e-10,8.295251576455382e-11,3.5010286260506853e-10,6.714173842122237e-11,1.314035327478311e-12,3.950677819642628e-12,2.3180589270246916e-10
8.883681021841219e-12,9.541313019831617e-11,2.361250957376461e-10,1.0568475124322949e-10,2.3351206217529072e-11,1.374494438859475e-10,4.257607104758715e-11,3.775831165621235e-10,1.883419394252305e-11,2.1152526652310254e-10,2.0205145828040923e-10,3.8226278437469075e-11,1.5675547290406292e-10,5.878061471381654e-11,6.404084535315181e-10,1.7441917337042496e-10,1.6891459923567317e-09,7.307526389843553e-11,1.4853275638448072e-11,2.1495735388527482e-10,1.9497793009202096e-06,2.7550807660859467e-11,1.430872032140265e-08,1.5346518048419573e-11,4.647292991168704e-10,3.728660441809556e-11,5.266936399817164e-10,1.4380434041298676e-10,7.777842996456439e-12,7.118163354261456e-11,7.880431122069668e-13,1.7760316289689308e-10,1.8321302299579596e-10,4.846226513446939e-10,8.99316481644499e-10,5.371997542567702e-12,1.4939288912048198e-11,8.641779163882296e-11,4.732201388349562e-13,3.8091882762150395e-11,4.9665887010686e-10
8.645934714617796e-11,7.253956188703764e-11,2.6028294223645626e-10,9.874939365450818e-11,3.70019459259039e-10,2.2023587511947325e-10,9.324700507907127e-11,4.135974578401378e-10,3.7463111547742645e-10,4.5621123513690484e-10,7.154301727773786e-11,4.5741120155780736e-11,4.201880744674834e-12,3.944274261408314e-11,9.794281930111648e-12,1.3824850859109112e-10,1.2908639231794874e-09,1.236492033805081e-10,1.655085721280678e-09,1.1299616033171506e-10,2.2658495043578803e-06,3.019997102842712e-11,1.5472332547764197e-09,7.552492719945113e-11,4.0272042611803036e-10,2.2975053216972145e-11,5.2163471136748127e-11,4.74769940768647e-11,5.637384013956939e-12,8.575448588118263e-11,1.0850636059518466e-11,2.896882067104959e-10,3.367202597424053e-11,4.797680980935645e-10,1.1140092012609573e-09,6.45906986111899e-11,1.6584891263742065e-11,4.13629464775611e-11,3.759868269569866e-11,4.1531364058830445e-11,2.1511871491458793e-10
3.0931285723104946e-10,3.495342371214766e-14,8.016974589100757e-12,3.510275694797342e-11,1.1511108842499208e-10,3.1927820346286363e-10,1.4266460042775475e-11,3.493216844081357e-10,2.123206485110017e-11,1.5371968907210353e-10,2.7715402763837587e-11,8.230979467852108e-11,6.298223477907689e-10,2.96697330414918e-10,2.8874281766253847e-10,1.6007434034442996e-10,1.5373365683926832e-10,1.8812317487764954e-10,1.0623079937630892e-08,1.3185511820626357e-10,1.3140364105612085e-05,1.3185511820626357e-10,1.0623079937630892e-08,1.881231748776496e-10,1.5373365683926832e-10,1.6007434034442996e-10,2.8874281766253847e-10,2.96697330414918e-10,6.298223477907689e-10,8.230979467852108e-11,2.7715402763837607e-11,1.5371968907210353e-10,2.1232064851100146e-11,3.493216844081358e-10,1.426646004277547e-11,3.1927820346286363e-10,1.1511108842499208e-10,3.510275694797342e-11,8.01697458910076e-12,3.495342371214749e-14,3.0931285723104946e-10
1.2597221276611527e-12,5.247284453654019e-11,1.2243778691985322e-11,7.958597729645933e-11,8.897171643944643e-11,3.2632991122213543e-10,7.231956658035743e-10,3.365411466912382e-10,4.395492419599605e-10,8.828099427771911e-11,1.5153668282142435e-10,8.368711234065086e-11,2.845398419066547e-10,4.592691831272709e-11,4.7153357210531204e-11,6.225166061966432e-11,4.81733134258962e-10,1.4176031745082256e-10,1.2395601245295783e-09,6.958064176317699e-11,6.4386748952073324e-06,1.9079089297537107e-10,2.558277747513873e-09,1.717681405412161e-10,1.4511992695744908e-09,2.785231678446888e-10,9.339345622809817e-10,6.530183685091534e-11,1.19098218216423e-10,1.4594182797967044e-11,7.251919591746203e-11,1.3495437688023412e-10,4.383153382359654e-11,1.0478406501920666e-10,1.9655925564570942e-10,6.399047333306988e-10,1.550926453711255e-10,1.9787334614626372e-10,2.42656039138085e-10,2.8083730239610303e-11,1.4687775685970844e-10
1.4014878041559798e-14,1.6182114494105113e-12,1.6198655194410219e-10,6.820797878287413e-11,2.0094954234493532e-10,1.3867521026326584e-10,1.5952523921631664e-10,4.022262815535677e-10,4.4732761153079455e-10,1.419626783405669e-10,2.279916219602707e-11,4.178007362590299e-10,2.2970932304453686e-09,1.664312246759604e-10,1.727580177462622e-11,6.326961694681165e-11,7.522459056410118e-10,1.0345118658808121e-10,3.8428102422256305e-08,4.2981777613645824e-12,3.247338495576321e-06,1.5967451998257903e-10,4.598924755015714e-09,2.117420084080975e-10,4.881580122406323e-10,3.9347003478629033e-10,3.3268034805453524e-10,1.3778598502983573e-10,5.202137002429296e-10,1.6097784002858598e-10,6.380261913036331e-10,7.724694672006819e-11,4.516827597452411e-10,4.4044337337770936e-10,6.530793783904406e-12,5.975225970095751e-10,7.89355205417571e-11,2.536462555409544e-10,4.2016468382214124e-10,1.2131252544888163e-10,6.138775224673279e-12
2.6721691346313636e-10,3.508872390603147e-10,2.463485950315937e-10,3.837146641269699e-11,2.961581009327826e-12,2.3588231847693163e-11,4.996634967318737e-10,3.7829674902188863e-10,2.0403360271876573e-11,4.252239166474565e-11,1.408051031682854e-10,2.6237452350910664e-11,1.1066153567040207e-10,9.581472328089421e-11,9.869222807546376e-12,1.5492410189072926e-11,3.0665586504345397e-09,2.5535856951474008e-11,2.0060188250736287e-09,8.046307859915527e-13,1.2768322330686562e-06,3.854539520250245e-11,1.4779738253487342e-09,1.880649381916714e-11,1.2493194115698058e-10,1.5761307115617768e-10,1.356609912273641e-12,4.8604371402561057e-11,1.4988822443595755e-09,1.1172006113268053e-12,4.4477733105367945e-10,3.056287619351015e-10,5.592929533734751e-10,1.653035254433097e-10,6.841845801689194e-11,5.99853421420361e-10,3.3368701590226294e-12,1.6551394170031546e-10,4.360682982217092e-10,6.941379491569139e-10,5.9749256127415256e-12
2.2034944950202688e-10,4.0691374564144944e-10,2.8381949521412207e-11,1.9469463733174969e-10,8.024995660819615e-11,4.307297260076234e-16,1.016699515897035e-10,1.6577108416632376e-10,1.362527048583584e-10,1.1199478578206657e-11,1.1415891949515194e-09,8.770778628967464e-12,1.2659977530973744e-09,1.4092879287784514e-10,1.7801461625965677e-09,6.225646914423796e-11,4.358611161635718e-10,2.145120430382939e-10,4.420030572320527e-09,7.04508576753099e-13,5.354790798957743e-07,9.314019815098153e-12,3.942276464987109e-09,2.576487566780393e-11,1.600812522114357e-12,1.8023860647128486e-14,3.2803465635577116e-10,1.2454910930901852e-10,2.431096150551276e-10,1.1396271313236695e-11,8.538943850938404e-15,2.5494186270264516e-10,8.436691453230666e-10,1.375064638925521e-10,1.4000754036150361e-10,2.3931108233222553e-10,7.032582745728521e-13,1.1374559666794476e-11,8.893236878964088e-11,5.53035786704847e-10,3.063098602416905e-11
2.0378703997871192e-11,1.125300175852422e-10,4.8798878171491286e-11,4.798479546028077e-13,3.6259949165719046e-10,1.643433902530171e-11,1.631131400822878e-10,6.842590072706108e-10,3.98153243446602e-10,2.138539086044768e-10,9.244189203199769e-10,7.575035711501654e-12,2.1695178560740617e-10,1.5344834905124657e-10,5.250518953937399e-09,2.9062032486509724e-12,5.8111318355425026e-11,5.205610179166857e-11,8.067798538627953e-09,1.0675918924971483e-11,5.530609100491539e-10,1.3525542609309362e-11,2.8178284038852588e-08,1.9686659638179427e-13,3.209838824154819e-10,1.7702842503161494e-11,1.3569693860621675e-09,5.017759048730277e-11,3.4763905149875905e-10,1.176356253003668e-11,4.814709179018311e-11,1.6528152821776633e-10,8.487807349052882e-11,1.817413357998317e-10,1.3671529169023938e-11,1.6103703059388508e-12,6.483661653090528e-11,4.6508798443722564e-11,2.7668380479358733e-10,1.0354009941082523e-10,2.132952580425949e-12
1.131862702310125e-10,9.480788241025827e-12,1.0198947971532013e-10,2.1499480256373058e-10,4.9221974532848646e-12,2.4861850531201463e-11,1.4375140847515457e-11,1.0087711280626386e-10,7.334318102755155e-10,4.4012928231957734e-12,5.14097944406286e-10,2.43233168629573e-10,2.321235153213286e-11,1.7998003525626054e-10,2.4610037602888604e-09,5.5142444313064745e-11,8.503025967798651e-10,7.057554834835859e-11,1.1634431280153205e-11,2.124685680148156e-11,3.0959010325655283e-10,6.675130850199976e-12,1.2432155468855015e-10,1.2481668202809766e-11,1.584218840069947e-09,6.361830305277731e-12,6.65343067993064e-11,2.6639749219618357e-11,1.7119215282323706e-10,4.308535125690341e-11,3.009275643386214e-11,1.2004754081323824e-10,2.327168926999614e-12,1.949004622788058e-10,1.1560153110537882e-10,2.0620612660024227e-10,1.7331289134630783e-11,1.520424769140762e-10,2.4979988409621094e-10,2.444461844876297e-10,2.1914316216695057e-10
2.032856506757052e-10,4.024663575971418e-11,1.499642698971225e-11,1.936448510981078e-10,8.400397276014289e-12,1.7942716320282604e-11,1.963809944972701e-10,1.3979517567100509e-11,1.2903312790772533e-10,7.452859396640096e-11,2.1168942405902505e-11,3.4153838251490825e-10,1.2482670330098752e-10,3.6231490436395205e-11,6.319563632206352e-10,2.58785843716738e-10,1.2388073142765777e-12,9.755713567154013e-11,2.278494073173808e-11,8.083694554888132e-11,2.9793063325804663e-08,6.840909832902594e-13,8.117785464372816e-09,9.660049358136144e-11,1.879363035647643e-10,1.5283516195697554e-10,8.68826860751384e-12,1.6465287673139943e-11,1.0190792988262482e-09,5.258612982141629e-11,3.102077283894015e-10,2.7448678259375088e-11,1.793176067584925e-12,2.72827343864513e-10,5.815551163449386e-11,1.0422091778410443e-10,1.054018182939788e-11,6.247000832050015e-11,6.099713075783194e-11,2.3436856325428785e-10,1.9703585032914452e-10
4.617112088058048e-11,2.8907650388349456e-11,1.6201859234265588e-13,2.4884887579839584e-10,3.620081007358319e-11,2.452728839767063e-10,3.893658496822711e-10,3.880797435789156e-11,1.774900578819865e-10,1.3676504595696865e-10,1.9026036498744316e-10,4.358174042079657e-10,1.0480908461376345e-09,1.2129994951031357e-10,1.2378038153219505e-11,5.2777180285982696e-11,5.334544051072361e-09,1.833536865389482e-10,2.539438757196175e-10,3.1277175790141654e-11,7.533123425323711e-08,5.1780816458272703e-11,2.469771478342347e-09,1.1771268297925633e-10,5.554974465878712e-10,1.3407691690284155e-10,2.620613493328017e-09,2.1875168138641616e-10,1.3472969870480684e-09,1.3138350953101208e-10,1.1710417082802089e-09,5.333709046843156e-14,6.706819270781914e-10,3.504137658920015e-10,2.997841855058258e-11,1.8062420425451524e-12,1.7116854255498696e-11,1.8519932348549192e-10,8.16763753767704e-11,2.7754013542972104e-10,2.917532345631782e-11
3.4117904750854426e-10,1.9003179985754877e-10,1.509694113503023e-10,1.337733278754856e-10,6.791074557987589e-11,4.468585349864999e-10,5.7598454958803224e-12,4.1388384505643226e-11,1.957023970520031e-10,1.9524427237279515e-10,3.678049313793355e-10,3.240008889299295e-11,6.663820283748751e-10,5.478600936027646e-11,6.53262081780683e-10,5.7681560763446266e-11,4.0914573488023883e-10,7.677263198459488e-11,9.031907071483411e-10,6.231230243323667e-11,4.3250644402443366e-08,3.140809245747479e-11,1.1781368573896106e-09,2.1698892629324815e-12,1.0387521732741252e-10,1.953824433537505e-10,1.5885522535488885e-09,3.410729834731102e-10,2.746667718168529e-09,4.798504938674318e-12,5.120599443499662e-10,7.177043149058802e-11,2.66174418697226e-10,1.1320195356749776e-10,2.6155662602960804e-13,5.056485803063444e-11,7.008022619143588e-11,1.903026297702722e-10,3.090227664439166e-15,1.864457070031109e-10,5.75135623808503e-11
9.072941468794276e-11,4.093089629601534e-14,2.231093334377165e-12,1.6527298445869773e-13,2.4891735483062237e-12,1.1946599063049842e-10,5.361623402497811e-10,1.8664362916617488e-10,1.0974031671119095e-10,3.56036222686201e-11,1.373154522164591e-10,2.805763498251897e-10,1.8603512619065182e-10,8.738230747800145e-11,1.4483384364060205e-10,1.157713657644068e-10,3.4668007636720596e-09,6.698036626618252e-11,1.8372454466693e-11,7.3932781474446e-12,2.6772258811251347e-08,3.0087466223251477e-12,3.346267104864464e-09,3.897550980298153e-11,1.3132177938974865e-11,8.210334047294272e-11,7.111345408314331e-12,6.576136180311698e-10,1.8143592047670515e-09,9.87363371118321e-11,3.9849529936677744e-11,2.0220835971785874e-11,5.702860358582082e-11,1.275990524189002e-10,3.666001848712451e-11,3.1976075088828885e-12,1.1564054736779125e-11,5.483331460240752e-11,5.094105761335571e-10,2.1695562756661777e-10,6.564531297297595e-11
5.690284107442193e-11,9.146545649519072e-12,1.214318212895864e-10,3.200146340605709e-14,1.953515988924384e-12,4.591267537255055e-11,5.203537132299861e-11,2.3733750335841306e-10,1.9367299079787973e-10,1.176560773309235e-10,3.7119023490898325e-10,1.283107759104544e-10,7.281217359494607e-11,3.4919221265475434e-12,2.7818491329326828e-11,3.0042953660950737e-10,3.313526286027047e-10,6.860829098576231e-11,4.4667689391296057e-10,2.7549888768295005e-12,1.4417450699654918e-07,1.665127243759016e-12,1.0658276781267933e-10,8.584917646403687e-11,9.008979390565186e-10,3.2947835364644385e-11,4.26249448570839e-11,3.9602433127767175e-10,1.6260998050853808e-09,3.10538168407055e-10,2.621525449138145e-10,9.999979341637719e-11,3.198871907970132e-10,1.8737260466241205e-10,2.3180682945642903e-10,1.216322374184111e-10,2.5541342202062668e-12,1.2503109543947695e-10,2.5416707583031745e-10,1.2354087555574669e-10,2.637167394824238e-10
4.811177317188564e-14,1.435709025717092e-14,1.7018405946877967e-11,4.621729623735819e-13,4.327975693414335e-10,1.254092156264193e-10,2.28345071768338e-12,2.2902147039992465e-11,1.8461078101357235e-10,1.0569944191132724e-13,1.0161679421519728e-09,5.357562248085466e-12,6.116623444243083e-10,4.1580478459506816e-11,3.2196324945127247e-10,2.0892927976606505e-10,9.064088452415411e-11,8.599721487901999e-11,1.738672817946052e-10,2.2455444521185533e-11,2.6194545251617574e-07,3.240532088641698e-11,7.287722486614901e-10,6.217366892642117e-11,2.4627523297976574e-09,1.1272528219316901e-11,1.4051974504892654e-09,2.5471143360310213e-10,6.587561627869011e-10,1.8593182744871705e-10,7.369831036611235e-10,7.442188735720514e-11,3.741852797852931e-10,8.338843094919723e-11,1.7332703292354948e-10,1.2072553877246928e-11,1.6723320282319638e-12,1.1413643549127191e-10,1.1815511765260197e-10,2.483840318322234e-11,1.02558164535932e-10
2.139825977601866e-12,1.0242737691343382e-10,3.2906289273827055e-11,6.852847899392935e-11,1.2415347760213048e-10,1.4438416606815027e-13,1.9729018417510736e-10,1.3385925936882215e-11,9.427870094944427e-11,3.7250601483861565e-12,6.486776476342292e-11,1.1183698969870247e-12,3.598386631457125e-10,7.659429019729336e-12,1.2750930460657771e-10,2.3224753310406627e-10,1.3976305884679933e-09,1.3618860802381522e-10,3.41317236462296e-10,5.5439589545594506e-12,7.423398282967242e-07,8.546061736744823e-11,1.1463468899604761e-09,1.6249357084626709e-10,3.732653244200223e-10,9.913694405350872e-11,1.4143891328132667e-09,1.2542571911644895e-10,1.4881733098688372e-09,3.849241412935768e-10,2.3373658810564956e-11,5.122248901378399e-11,3.434165919703927e-11,1.0058709891137468e-10,5.296832182727995e-10,3.4103625641442027e-12,1.5322842623194871e-10,1.339630082735464e-11,4.501215336601527e-11,2.6353938107671353e-10,3.663439353689041e-12
3.290826811472657e-11,1.3640070608290107e-10,1.4823273765780915e-12,1.1069085831025836e-11,1.986517360063268e-10,2.5191502559370605e-10,4.907556573281488e-11,5.74038698774813e-11,2.317021673546706e-10,1.0624491909375225e-10,5.1107753452937065e-12,6.211885371218199e-12,1.8238877485566536e-10,4.1255575724448735e-11,3.672125915797651e-09,2.340332440396876e-10,1.5216935310365968e-09,1.216398492017026e-10,1.513052420232132e-09,5.233087716097815e-13,6.10783711134246e-07,4.195372336711294e-11,1.2516879756136976e-10,1.0180838454562275e-10,3.4555942542358194e-10,5.5203471681179746e-11,1.2464029582078172e-10,2.377558001541716e-11,1.765531095090638e-09,2.5402374301539385e-10,2.5347326074325476e-10,5.916844110797827e-12,3.193686347472316e-10,1.0886414898450515e-10,9.863963215177438e-11,1.1789661937528872e-11,1.1882379912726583e-10,1.6288270519553486e-11,1.6498638826002336e-11,7.843359692166562e-10,3.003943212823596e-11
6.833037670556669e-12,9.68157095529298e-11,6.951453010256319e-11,1.5632478316541018e-10,2.0585240177987953e-10,4.116509211006123e-10,1.6284514644042152e-11,7.601407995261463e-11,8.305565072028418e-11,4.0245627832295205e-11,1.005993316711743e-12,4.0151946419281675e-11,1.6038828092165417e-10,4.146254173339125e-11,3.5792585247197676e-09,1.2555614477087732e-10,3.552897597667064e-10,4.785555936142865e-11,2.4749595592092023e-10,1.2023795232230286e-10,1.0607587856859995e-07,1.964636846599824e-11,4.962890086991294e-09,3.451231922283296e-11,2.0556386200358808e-11,4.32705037358094e-11,1.1626353106483227e-10,3.8371434703943645e-11,8.53844768414053e-10,9.311417019276757e-11,1.104723134396132e-10,2.815877939675071e-12,7.570187998405386e-11,5.632494720690786e-11,8.772715664745254e-11,6.466647123088979e-11,4.4689191640770356e-10,3.332620336319561e-10,1.2381096420496545e-10,3.457157577031384e-10,5.5047862827876504e-11
2.535189928249631e-10,1.256778439080938e-12,3.0979912452666357e-13,4.2294104992820015e-11,2.372101781330576e-10,7.549963441537463e-12,6.86239731326373e-11,4.551827807656343e-13,1.6465724117429845e-14,2.3311304636865056e-12,9.417332419113215e-10,5.2709462894231076e-11,8.275932575473368e-11,1.8843171006146408e-10,3.743047024940609e-10,3.89005124086747e-11,4.900288904646386e-12,2.3163161097690996e-10,6.280931381038906e-11,1.563562497342333e-10,1.0929426653562538e-07,4.020878142528867e-11,6.932153523159061e-09,5.978603854629644e-11,2.109024349100815e-10,3.287161773017227e-10,3.6186350415307126e-10,2.0545240977170255e-10,1.2634630097618823e-09,1.4009048915364861e-10,1.3290281332831521e-10,1.5036691349413243e-11,9.411779714180398e-11,4.5000688537666005e-11,1.0934810107357678e-12,1.303351980937579e-10,1.0859812728517577e-10,1.5203172103434508e-12,1.1022432601998026e-10,4.2491866551158077e-10,2.2434376453404777e-11
2.1918021248856534e-10,7.015531424535054e-11,1.3744602756732742e-10,4.379027102841245e-11,5.562415025215288e-10,4.819770168675203e-12,4.05141860801854e-11,4.4066522516950834e-12,1.4385019303904652e-11,3.405496378701333e-12,1.1542743221042768e-09,1.6420667288404544e-10,2.1954372782087037e-10,5.889663058211756e-11,2.4022462262196634e-09,1.207587944836564e-11,8.473126273635621e-10,2.1053323797613705e-10,1.4406480092789347e-08,3.442657417408306e-10,1.1908963039486721e-07,8.337377880037272e-11,1.6118614860225754e-11,8.362539954961372e-13,6.942810388643844e-12,5.4934179080679e-10,6.323369151274366e-10,1.8849644383751765e-10,3.3960748142229966e-10,4.3317084637819695e-11,5.755389069817499e-10,2.640596762637775e-10,6.631650308288005e-10,2.5911858726440002e-12,2.2482450247554664e-11,4.704501748477636e-10,5.765152036660823e-10,1.1279442641240547e-11,1.6335694601143993e-10,4.407651259862988e-10,2.641156130205889e-10
3.5940678677315484e-11,5.518470900272371e-12,5.132439365660438e-10,6.138780329389798e-14,1.8159793683810195e-10,1.4111842543522469e-10,1.8025998558280217e-11,8.44282954352212e-15,4.696004991646484e-10,8.300142390044385e-13,2.2371959554375007e-09,4.286590109335143e-11,7.974825146546694e-10,1.767997126403206e-10,4.406152121927205e-14,3.731278409146234e-13,2.295771843377613e-11,1.8640253194461908e-10,1.1424323217025358e-09,1.7918818194674278e-10,6.003441311424773e-08,2.0300750411391085e-11,5.007092386031747e-09,1.4078037196296548e-11,3.5222852210957683e-09,1.7466651801753703e-10,8.165519043685284e-10,2.562922950783245e-10,4.931374662424991e-10,2.4367326063746585e-10,1.18476598931962e-11,1.4827970508480941e-10,2.3876857530224596e-10,2.0524210106269733e-11,4.637763161572376e-10,9.714430971433547e-12,7.535669065941466e-11,1.1350162523714269e-10,3.4782132239357235e-10,1.974095259612431e-10,2.991713602159928e-10
1.0110645515345736e-11,7.358488608002553e-12,7.758781817069719e-11,5.0472798001151326e-11,1.6860222927569095e-10,1.1810171194035544e-10,1.9377028790807333e-10,1.180676408353366e-10,1.0534048566326583e-10,1.0956424328644246e-11,8.399377203785897e-10,5.4718570909974905e-11,1.8845933550561808e-10,9.695188582427029e-11,6.365025786423554e-10,7.173320829813185e-12,3.544765507004421e-10,5.5738946079614523e-11,6.813861038517579e-09,1.8413851147753713e-10,1.511819799211594e-08,7.105511925275176e-12,4.433485147981485e-09,2.9538433978152306e-10,7.987040943489603e-09,1.37660148142129e-10,1.5636327721817299e-10,4.081680377592655e-11,2.7160071764392494e-10,4.4400297249798057e-10,4.745669997457508e-10,3.487203483132405e-11,1.2697583321020875e-13,4.19208501914511e-11,7.107083448985274e-10,6.487081997963479e-11,1.4233613051489235e-10,5.001701828650282e-10,2.47279515855916e-11,1.083979503999402e-10,5.394146875418004e-11
1.4087804142020283e-11,4.7676234084375364e-11,3.7215899984168145e-11,6.725595641943898e-11,1.0511153327517198e-10,4.942853400721166e-11,3.1977348221799467e-10,2.564067190384361e-10,5.055724338719095e-11,1.4961902174647045e-12,4.528150383720981e-10,1.357901520459783e-10,4.9774867045565074e-11,2.6278900976923494e-11,3.520383068293024e-10,8.044191944207022e-11,2.898258435858152e-10,1.0094624642470476e-10,2.0263646721886266e-08,3.635741855818865e-10,1.059786728817888e-06,2.615491456330047e-13,1.9175053154022106e-09,4.4652268776462976e-10,5.387142134528177e-09,5.379638761500659e-11,2.733970696319554e-10,1.7796497935940662e-11,2.372472957647616e-10,2.156411923786783e-10,5.774645567104641e-10,4.803783944716538e-11,9.211213880890338e-10,9.670582210313712e-11,1.6671669172041877e-10,6.999716772597589e-12,9.703730566753084e-11,1.0261370621129242e-10,2.342798631765569e-12,1.1943754451874826e-10,5.229524779064077e-11
