freq_hz,jitter_psd_db,pa_pin_db,pa_out,pa_scr
0.0,-152.7842034203178,-180.0,0.0,1.0
97.65624999999999,-145.0397655153762,-47.94140883205898,0.004007951647557278,0.9999678721310816
195.31249999999997,-147.39026428130666,-41.920810002343885,0.008015517012894702,0.9998714947172281
292.96874999999994,-155.08980856488452,-38.39898518241847,0.012022309937880714,0.9997108863341593
390.62499999999994,-165.6762189305939,-35.90021063084657,0.01602794451247666,0.9994860779314637
488.28124999999994,-176.01905225693795,-33.962010479041915,0.02003203519857407,0.9991971128176924
585.9374999999999,-182.82504242563246,-32.37838563032707,0.02403419695358124,0.9988440466395071
683.5937499999999,-188.84267604039326,-31.039449889313122,0.028034045353676002,0.9984269473549039
781.2499999999999,-193.51064316196684,-29.879610988458122,0.032031196716641855,0.997945895200536
878.9062499999999,-196.3325980029899,-28.85656056960952,0.03602526822420535,0.9974009826531637
976.5624999999999,-198.08185350721936,-27.94141078247523,0.040015878043792925,0.996792314385267
1074.2187499999998,-199.02497040984767,-27.11355709901191,0.04400264544962623,0.9961200072148627
1171.8749999999998,-199.51810787788844,-26.35778589764156,0.04798519094307567,0.9953841900495639
1269.5312499999998,-199.7852835603034,-25.662543786349175,0.051963136372192874,0.9945850038249419
1367.1874999999998,-199.81929340357362,-25.018850130828454,0.05593610505034328,0.993722601437236
1464.8437499999998,-199.91652535710898,-24.419585673599254,0.05990372187386203,0.9927971476704774
1562.4999999999998,-199.94938054564608,-23.85901121062409,0.06386561343865614,0.9918088191180883
1660.1562499999998,-199.9659871111409,-23.332432444144494,0.06782140815567822,0.9907578040990258
1757.8124999999998,-199.98181901936576,-22.835960776725976,0.07177073636519812,0.9896443025685485
1855.4687499999998,-199.98281067924677,-22.36633886607215,0.07571323044979936,0.988468526023678
1953.1249999999998,-199.99202313261836,-21.92081097755208,0.07964852494602974,0.987230697403442
2050.7812499999995,-199.9926864214061,-21.49702500131315,0.08357625665463679,0.9859310509839889
2148.4374999999995,-199.99458928896115,-21.092957284238167,0.08749606474931952,0.984569832268657
2246.0937499999995,-199.99694686638125,-20.7068541846133,0.09140759088393059,0.983147297873103
2343.7499999999995,-199.99713676064755,-20.337186074658995,0.09531047929806406,0.9816637154055828
2441.4062499999995,-199.9980244486934,-19.982610739062245,0.09920437692096651,0.9801193633424918
2539.0624999999995,-199.99865407665004,-19.641943956420683,0.10308893347370929,0.9785145308992669
2636.7187499999995,-199.99873921451726,-19.314135635744375,0.10696380156956456,0.9768495178967674
2734.3749999999995,-199.99906732580487,-18.99825029494631,0.11082863681252653,0.9751246346232406
2832.0312499999995,-199.99940280849523,-18.69345096648045,0.11468309789392346,0.9733402016919938
2929.6874999999995,-199.9993779071985,-18.398985832557276,0.11852684668706771,0.9714965498948934
3027.3437499999995,-199.99953180657965,-18.11417705259532,0.122359548339892,0.9695940200518105
3124.9999999999995,-199.9996167876134,-17.83841136506726,0.1261808713655239,0.9676329628561383
3222.6562499999995,-199.99970381137086,-17.571132135959836,0.12999048773075145,0.9656137387165147
3320.3124999999995,-199.99977278851242,-17.31183259460397,0.1337880729423361,0.9635367175948744
3417.9687499999995,-199.99979327077756,-17.060050050264678,0.13757330613112984,0.9614022788409656
3515.6249999999995,-199.99982398847266,-16.815360923644388,0.14134587013395752,0.9592108110234672
3613.2812499999995,-199.9998691484277,-16.577376459277207,0.14510545157322663,0.9569627117578405
3710.9374999999995,-199.9998761176153,-16.34573900982225,0.14885174093422873,0.9546583875310566
3808.5937499999995,-199.99990657980544,-16.12011880309077,0.1525844326401003,0.9522982535233353
3906.2499999999995,-199.9999125457667,-15.900211118450692,0.1563032251244122,0.9498827334270422
4003.9062499999995,-199.99992611101607,-15.685733811936649,0.16000782090135887,0.94741225926288
4101.562499999999,-199.99994256582454,-15.476425139631846,0.163697926633523,0.9448872711935233
4199.218749999999,-199.99994170800196,-15.272041837198085,0.1673732531971903,0.9423082173348362
4296.874999999999,-199.99996165680136,-15.072357420211484,0.17103351574519463,0.9396755535648211
4394.531249999999,-199.99995812758752,-14.87716067552287,0.17467843376727432,0.936989743330442
4492.187499999999,-199.9999635991152,-14.686254318445185,0.17830773114792303,0.9342512574524693
4589.843749999999,-199.99996914630574,-14.499453794364687,0.18192113622172146,0.9314605739284896
4687.499999999999,-199.99997603212262,-14.316586206527901,0.18551838182613845,0.9286181777342313
4785.156249999999,-199.99997331876358,-14.137489354390771,0.18909920535179128,0.9257245606233444
4882.812499999999,-199.9999808698621,-13.96201086912521,0.19266334879015906,0.9227802209257879
4980.468749999999,-199.99998156767575,-13.790007434736713,0.1962105587787436,0.9197856633449625
5078.124999999999,-199.9999845460496,-13.621344084816624,0.19974058664367614,0.9167413987537383
5175.781249999999,-199.999985656477,-13.455893566283159,0.20325318843976836,0.9136479439895173
5273.437499999999,-199.99998673567913,-13.293535762596777,0.2067481249880114,0.910505821648476
5371.093749999999,-199.99998850373282,-13.134157169900945,0.21022516191052504,0.9073155598791274
5468.749999999999,-199.9999911053587,-12.977650420365428,0.21368406966296424,0.9040776921753426
5566.406249999999,-199.99998953890795,-12.823913847718531,0.21712462356439194,0.9007927571689753
5664.062499999999,-199.9999929251964,-12.672851090565128,0.22054660382462649,0.8974612984222178
5761.718749999999,-199.9999914461697,-12.524370729614283,0.2239497955690786,0.8940838642198344
5859.374999999999,-199.99999412801878,-12.378385955396478,0.2273339888610901,0.8906610073613996
5957.031249999999,-199.99999387694203,-12.234814263446124,0.23069897872179165,0.887193284953673
6054.687499999999,-199.99999457730243,-12.093577174269397,0.23404456514749766,0.8836812582032476
6152.343749999999,-199.99999515344558,-11.95459997571766,0.23737055312465785,0.8801254922095918
6249.999999999999,-199.99999546656437,-11.817811485649033,0.24067675264238747,0.8765265557586148
6347.656249999999,-199.99999599652213,-11.68314383299061,0.2439629787025998,0.8728850211168818
6445.312499999999,-199.99999636475704,-11.550532255515506,0.24722905132776574,0.8692014638265928
6542.968749999999,-199.99999668859806,-11.41991491282643,0.2504747955663271,0.8654764625014516
6640.624999999999,-199.9999969482352,-11.291232713193898,0.25370004149579245,0.8617105986235359
6738.281249999999,-199.99999708526303,-11.164429153035393,0.2569046242235445,0.857904456341286
6835.937499999999,-199.99999743042673,-11.039450167944045,0.2600883838853913,0.8540586222687183
6933.593749999999,-199.99999764345122,-10.916243994283718,0.26325116564189244,0.850173685285977
7031.249999999999,-199.99999784612228,-10.794761040463785,0.26639281967249573,0.8462502363413252
7128.906249999999,-199.99999811807388,-10.674953767092353,0.2695132011675181,0.8422888682546787
7226.562499999999,-199.99999811131283,-10.556776575283118,0.2726121703180081,0.8382901755227847
7324.218749999999,-199.99999823522472,-10.440185702459114,0.27568959230352735,0.8342547541261359
7421.874999999999,-199.99999854904655,-10.325139125057486,0.27874533727788897,0.8301832013377188
7519.531249999999,-199.9999985338586,-10.211596467593997,0.28177928035289335,0.8260761155336852
7617.187499999999,-199.9999987005922,-10.099518917594853,0.28479130158010074,0.8219340960060293
7714.843749999999,-199.99999876266935,-9.988869145947326,0.2877812859306846,0.8177577427773621
7812.499999999999,-199.99999882548815,-9.879611232260183,0.29074912327340396,0.8135476564178572
7910.156249999999,-199.99999899156225,-9.771710594860494,0.293694708350742,0.8093044378644481
8007.812499999999,-199.99999901504268,-9.665133925085431,0.2966179407532521,0.8050286882423514
8105.468749999999,-199.9999991067884,-9.559849125556703,0.2995187248921561,0.8007210086889863
8203.124999999998,-199.99999913015242,-9.455825252151381,0.3023969699702408,0.796382000180359
8300.781249999998,-199.9999992425003,-9.353032459406679,0.3052525899510976,0.7920122633599735
8398.437499999998,-199.9999992453565,-9.251441949117641,0.30808550352675124,0.7876123983703359
8496.093749999998,-199.99999932627279,-9.151025921906271,0.3108956340837233,0.7831830046871028
8593.749999999998,-199.99999936469038,-9.05175753155833,0.31368290966757983,0.7787246809559358
8691.406249999998,-199.99999940005154,-8.953610841940149,0.3164472629460071,0.7742380248321072
8789.062499999998,-199.99999946142438,-8.856560786322461,0.3191886311704649,0.7697236328229112
8886.718749999998,-199.9999994752693,-8.760583128951694,0.3219069561364643,0.7651821001329199
8984.374999999998,-199.99999951848648,-8.665654428721313,0.32460218414251724,0.7606140205121316
9082.031249999998,-199.9999995450885,-8.571752004807005,0.3272742659478062,0.7560199861070463
9179.687499999998,-199.99999956665835,-8.478853904139632,0.32992315672862194,0.7514005873147058
9277.343749999998,-199.99999959808895,-8.38693887059933,0.3325488160336162,0.7467564126397311
9374.999999999998,-199.99999963469722,-8.29598631582254,0.3351512077379182,0.7420880485543877
9472.656249999998,-199.9999996339704,-8.205976291521736,0.33773029999616233,0.7373960793617016
9570.312499999998,-199.99999968755478,-8.116889463224712,0.34028606519447346,0.7326810870616561
9667.968749999998,-199.99999968049906,-8.02870708534698,0.342818479901459,0.7279436512204855
9765.624999999998,-199.99999970052485,-7.941410977516881,0.3453275248182532,0.7231843488430837
9863.281249999998,-199.999999727159,-7.854983502078596,0.3478131847276617,0.7184037542485465
9960.937499999998,-199.99999974441081,-7.769407542703456,0.3502754484424517,0.7136024389488572
10058.593749999998,-199.99999974868476,-7.684666484044639,0.35271430875283505,0.7087809715307254
10156.249999999998,-199.99999977911608,-7.600744192374784,0.3551297623731887,0.7039399175405882
10253.906249999998,-199.99999977341804,-7.517624997150084,0.357521809888059,0.699079839372776
10351.562499999998,-199.99999979833404,-7.435293673448152,0.3598904556974944,0.6942012961608465
10449.218749999998,-199.99999980455516,-7.353735425230435,0.3622357079617499,0.6893048436720862
10546.874999999998,-199.9999998145006,-7.272935869383167,0.364557578545409,0.684391034205177
10644.531249999998,-199.9999998280097,-7.192881020493781,0.36685608296096445,0.6794604164910211
10742.187499999998,-199.99999983530995,-7.1135572763224975,0.3691312403119021,0.6745135355967196
10839.843749999998,-199.9999998449506,-7.034951403931338,0.3713830732353286,0.6695509328326936
10937.499999999998,-199.99999985219378,-6.9570505264351725,0.37361160784418584,0.6645731456629355
11035.156249999998,-199.99999986023542,-6.879842110341643,0.37581687366909156,0.6595807076183781
11132.812499999998,-199.99999986375036,-6.803313953448815,0.3779989035998471,0.6545741482133662
11230.468749999998,-199.99999987563785,-6.727454173271337,0.38015773382665174,0.6495539928652109
11328.124999999998,-199.99999988373688,-6.652251195967654,0.38229340378106164,0.6445207628168084
11425.781249999998,-199.99999988271244,-6.577693745742468,0.38440595607673234,0.6394749750623031
11523.437499999998,-199.99999989583455,-6.5037708347001635,0.3864954364499814,0.6344171422757691
11621.093749999998,-199.99999989246157,-6.430471753126387,0.38856189370020777,0.6293477727428879
11718.749999999998,-199.9999999056306,-6.357786060176266,0.39060537963020336,0.6242673702955959
11816.406249999998,-199.99999990942345,-6.285703574949012,0.3926259489863931,0.6191764342496708
11914.062499999998,-199.999999908878,-6.214214367929855,0.3946236593990348,0.6140754593452327
12011.718749999998,-199.99999991701955,-6.143308752781278,0.39659857132241527,0.6089649356901239
12109.374999999998,-199.99999992103562,-6.072977278466622,0.39855074797507284,0.6038453487061402
12207.031249999998,-199.9999999223235,-6.003210721690012,0.40048025528007936,0.5987171790780769
12304.687499999998,-199.9999999282107,-5.934000079637477,0.4023871618054111,0.5935809027055569
12402.343749999998,-199.9999999304484,-5.865336563005027,0.4042715387044402,0.588436990657604
12499.999999999998,-199.99999993541127,-5.79721158930011,0.40613345965657455,0.5832859091299275
12597.656249999998,-199.99999993526393,-5.729616776403743,0.40797300080807436,0.578128119404877
12695.312499999998,-199.99999994022386,-5.662543936381214,0.4097902407130741,0.5729640778140309
12792.968749999998,-199.99999994459844,-5.595985069529918,0.41158526027483505,0.5677942357033797
12890.624999999998,-199.9999999429627,-5.5299323586535305,0.41335814268725474,0.5626190394010614
12988.281249999998,-199.99999994869543,-5.464378163552253,0.4151089733766579,0.5574389301876114
13085.937499999998,-199.999999949141,-5.399315015719415,0.41683783994389456,0.5522543442686824
13183.593749999998,-199.99999995249607,-5.334735613235242,0.41854483210676574,0.5470657127501934
13281.249999999998,-199.99999995559253,-5.270632815849049,0.4202300416428007,0.5418734616158645
13378.906249999998,-199.99999995401993,-5.206999640241577,0.42189356233240866,0.5366780117070944
13476.562499999998,-199.99999995980207,-5.1438292554596075,0.42353548990242246,0.5314797787051362
13574.218749999998,-199.99999995896616,-5.081114978515414,0.42515592197005686,0.526279173115528
13671.874999999998,-199.99999996144322,-5.018850270143918,0.4267549579872999,0.5210766002547336
13769.531249999998,-199.99999996389053,-4.957028730710865,0.42833269918575445,0.5158724602389471
13867.187499999998,-199.99999996362365,-4.895644096265571,0.42988924852194854,0.5106671479750167
13964.843749999998,-199.99999996717918,-4.8346902347321885,0.4314247106231314,0.5054610531534446
14062.499999999998,-199.99999996756983,-4.774161142233673,0.4329391917335702,0.500254560243414
14160.156249999998,-199.99999996854274,-4.714050939542958,0.434432799661364,0.49504804848979767
14257.812499999998,-199.99999997024415,-4.654353868656082,0.43590564372578644,0.4898418919121058
14355.468749999998,-199.99999997119315,-4.595064289482277,0.43735783470517553,0.48463645930532423
14453.124999999998,-199.99999997225586,-4.536176676646261,0.4387894847853792,0.47943211424259624
14550.781249999998,-199.9999999741596,-4.477685616398202,0.44020070750876983,0.4742292150797059
14648.437499999998,-199.9999999740544,-4.4195858036270215,0.4415916177238414,0.46902811496131297
14746.093749999998,-199.99999997607603,-4.361872038972936,0.44296233153539766,0.4638291618288974
14843.749999999998,-199.99999997623593,-4.304539226035294,0.44431296625534167,0.4586326984303654
14941.406249999998,-199.9999999778933,-4.247582368671955,0.44564364035407733,0.45343906233127207
15039.062499999998,-199.999999977952,-4.1909965683866455,0.4469544734125311,0.44824858592761707
15136.718749999998,-199.99999997959213,-4.134777021800865,0.44824558607480136,0.44306159646016685
15234.374999999998,-199.99999997940625,-4.078919018207088,0.4495171000014436,0.437878416030259
15332.031249999998,-199.9999999812006,-4.023417937200128,0.4507691378233989,0.43269936161704514
15429.687499999998,-199.9999999813971,-3.9682692463837133,0.45200182309656967,0.4275247450961284
15527.343749999998,-199.99999998206795,-3.913468499149401,0.45321528025705105,0.42235487325955035
15624.999999999998,-199.99999998273023,-3.85901133252512,0.45440963457702166,0.4171900478370865
15722.656249999998,-199.99999998315946,-3.8048934650907498,0.45558501212129804,0.4120305655188057
15820.312499999998,-199.99999998463983,-3.7511106949582134,0.45674153970455705,0.4068767179788519
15917.968749999998,-199.99999998426006,-3.6976588978137457,0.45787934484923026,0.40172879190040456
16015.624999999998,-199.99999998547705,-3.644534025020013,0.4589985557440722,0.3965870690017809
16113.281249999998,-199.99999998543612,-3.591732101775931,0.46009930120340536,0.3914518260636322
16210.937499999998,-199.99999998636852,-3.5392492253320764,0.4611817106270444,0.38632333495719956
16308.593749999998,-199.99999998659976,-3.4870815632596877,0.4622459139608993,0.38120186267358575
16406.249999999996,-199.99999998727196,-3.4352253517713387,0.4632920416582619,0.3760876713540041
16503.906249999996,-199.9999999873204,-3.383676894091454,0.46432022464177064,0.37098101832096814
16601.562499999996,-199.99999998845837,-3.332432558874877,0.46533059426606066,0.36588215611037844
16699.218749999996,-199.99999998818768,-3.281488778671827,0.4663232822810924,0.36079133250447465
16796.874999999996,-199.99999998898295,-3.2308420484376077,0.46729842079616263,0.3557087905656115
16894.531249999996,-199.99999998929994,-3.1804889240855077,0.4682561422445941,0.35063476867082355
16992.187499999996,-199.99999998953572,-3.1304260210814143,0.4691965793491036,0.3455695005471422
17089.843749999996,-199.99999999008725,-3.08065001307869,0.4701198650878463,0.3405132153076306
17187.499999999996,-199.99999999013488,-3.0311576305919434,0.4710261326611336,0.33546613748810045
17285.156249999996,-199.99999999067126,-2.9819456597083738,0.4719155154588223,0.33042848708447675
17382.812499999996,-199.9999999911406,-2.933010940835411,0.4727881470283736,0.3254004795907777
17480.468749999996,-199.99999999104827,-2.8843503674834436,0.4736441610435751,0.3203823260376759
17578.124999999996,-199.999999991565,-2.8359608850824456,0.4744836912739269,0.31537423303160866
17675.781249999996,-199.99999999177643,-2.787839489831394,0.47530687155468426,0.31037640279440604
17773.437499999996,-199.9999999921916,-2.7399832275793745,0.4761138357575551,0.30538903320340677
17871.093749999996,-199.99999999216288,-2.6923891927373482,0.47690471776204635,0.3004123178320282
17968.749999999996,-199.9999999927159,-2.6450545272195685,0.4776796514274566,0.2954464459907655
18066.406249999996,-199.9999999928233,-2.5979764194136856,0.4784387705655077,0.2904916027685858
18164.062499999996,-199.9999999930009,-2.551152103178615,0.4791822089136131,0.28554796907469326
18261.718749999996,-199.99999999327457,-2.504578856869268,0.47991010010877483,0.28061572168063437
18359.374999999996,-199.99999999352372,-2.458254002387293,0.48062257766210614,0.27569503326271794
18457.031249999996,-199.99999999359576,-2.412174904256999,0.4813197749339729,0.2707860724447223
18554.687499999996,-199.99999999396718,-2.366338968725651,0.4820018251097481,0.26588900384086467
18652.343749999996,-199.99999999410718,-2.3207436428873964,0.48266886117617275,0.2610039880990063
18749.999999999996,-199.99999999418554,-2.2753864138300512,0.4833210158983194,0.25613118194406986
18847.656249999996,-199.99999999438427,-2.230264807804051,0.48395842179714915,0.2512707382216452
18945.312499999996,-199.99999999473124,-2.185376389412885,0.4845812111276576,0.24642280594175897
19042.968749999996,-199.99999999469924,-2.140718760824331,0.48518951585760195,0.2415875303227867
19140.624999999996,-199.99999999489464,-2.0962895610018717,0.4857834676468032,0.23676505283548377
19238.281249999996,-199.99999999515893,-2.05208646495566,0.48636319782701737,0.2319555112471151
19335.937499999996,-199.99999999516598,-2.0081071830124553,0.48692883738236686,0.22715903966566237
19433.593749999996,-199.99999999541058,-1.9643494601039448,0.48748051693032723,0.22237576858408722
19531.249999999996,-199.99999999548362,-1.9208110750729044,0.48801836670325993,0.21760582492463362
19628.906249999996,-199.99999999564983,-1.8774898399966595,0.4885425165304855,0.2128493320831458
19726.562499999996,-199.9999999957546,-1.8343835995273363,0.4890530958208904,0.2081064099733879
19824.218749999996,-199.99999999592058,-1.7914902302484026,0.48955023354605803,0.2033771750713446
19921.874999999996,-199.99999999598964,-1.7488076400470167,0.4900340582239178,0.19866174045948543
20019.531249999996,-199.99999999614275,-1.7063337675017263,0.490504697902906,0.19396021587097625
20117.187499999996,-199.99999999619877,-1.6640665812850615,0.4909622801466285,0.18927270773382382
20214.843749999996,-199.99999999637208,-1.6220040795805957,0.4914069320190202,0.1845993192149327
20312.499999999996,-199.99999999647497,-1.5801442895140527,0.4918387800699906,0.17994015026406399
20410.156249999996,-199.99999999651604,-1.5384852665980548,0.4922579503215529,0.17529529765767918
20507.812499999996,-199.9999999967041,-1.4970250941901255,0.49266456825442345,0.17066485504265405
20605.468749999996,-199.9999999967431,-1.4557618829635661,0.4930587587950877,0.16604891297985194
20703.124999999996,-199.9999999967542,-1.4146937703908375,0.4934406463033231,0.16144755898753907
20800.781249999996,-199.99999999697195,-1.3738189202391038,0.493810354560174,0.15686087758463294
20898.437499999996,-199.99999999701814,-1.3331355220775851,0.4941680067563659,0.15228895033376907
20996.093749999996,-199.99999999704656,-1.2926417907963963,0.4945137254811582,0.14773185588417653
21093.749999999996,-199.9999999972363,-1.2523359661365503,0.4948476327116212,0.14318967001434738
21191.406249999996,-199.9999999972411,-1.212216312230813,0.4951698498023354,0.1386624656744948
21289.062499999996,-199.9999999972938,-1.1722811171551184,0.4954804974755008,0.13415031302878433
21386.718749999996,-199.9999999974088,-1.1325286924902407,0.49577969581145304,0.1296532794973292
21484.374999999996,-199.99999999749875,-1.0929573728934625,0.4960675642395747,0.12517142979794457
21582.031249999996,-199.99999999746086,-1.0535655156799462,0.4963442215295985,0.1207048259876455
21679.687499999996,-199.99999999766067,-1.0143515004135586,0.49660978578329074,0.11625352750388358
21777.343749999996,-199.9999999976563,-0.9753137285068929,0.4968643744265121,0.11181759120551381
21874.999999999996,-199.9999999977111,-0.9364506228302344,0.49710810420164325,0.10739707141348236
21972.656249999996,-199.99999999778908,-0.8977606273292394,0.49734109116037406,0.10299201995122953
22070.312499999996,-199.999999997874,-0.8592422066510887,0.4975634506568426,0.09860248618479853
22167.968749999996,-199.99999999789628,-0.8208938457788952,0.4977752973411233,0.09422851706264566
22265.624999999996,-199.99999999795747,-0.7827140496741459,0.4979767451530517,0.08987015715514408
22363.281249999996,-199.99999999799826,-0.744701342926968,0.49816790731638205,0.08552744869377586
22460.937499999996,-199.9999999980682,-0.7068542694140157,0.49834889633326895,0.08120043161000527
22558.593749999996,-199.99999999807943,-0.6691713919637764,0.4985198239790678,0.07688914357383048
22656.249999999996,-199.99999999819488,-0.6316512920291066,0.4986808012974454,0.07259362003200547
22753.906249999996,-199.99999999819954,-0.594292569366811,0.498831938595795,0.0683138942459302
22851.562499999996,-199.99999999826764,-0.5570938417240814,0.4989733454409486,0.06404999732920266
22949.218749999996,-199.9999999982742,-0.5200537445316223,0.4991051306551806,0.05980195828483039
23046.874999999996,-199.99999999834802,-0.4831709306032916,0.4992274023124941,0.05556980404209553
23144.531249999996,-199.99999999838496,-0.4464440698420916,0.4993402677351867,0.051353559493072354
23242.187499999996,-199.99999999842424,-0.40987184895235,0.4994438334906861,0.04715324752879136
23339.843749999996,-199.99999999844815,-0.373452971157934,0.499538205388651,0.042968889075049636
23437.499999999996,-199.9999999985219,-0.33718615592634843,0.4996234884783302,0.03880050312786173
23535.156249999996,-199.99999999851485,-0.3010701386985688,0.4996997870461746,0.03464810678855253
23632.812499999996,-199.99999999858122,-0.26510367062446893,0.49976720461369417,0.030511715298485183
23730.468749999996,-199.99999999861774,-0.2292855183037029,0.4998258439355561,0.026391342073425937
23828.124999999996,-199.99999999862868,-0.1936144635319092,0.49987580699791645,0.02228699873754236
23925.781249999996,-199.99999999867515,-0.15808930305210006,0.49991719501698006,0.01819869515703323
24023.437499999996,-199.99999999870116,-0.12270884831112383,0.4999501084377832,0.014126439473389731
24121.093749999996,-199.99999999876002,-0.08747192522105757,0.4999746469331917,0.010070238136286176
24218.749999999996,-199.99999999875027,-0.05237737392542509,0.4999909094031114,0.006030095936099324
24316.406249999996,-199.99999999879705,-0.017424048570117607,0.4999989939739037,0.002006016036056112
24414.062499999996,-199.99999999884264,0.01738918292109544,0.49999899799799996,-0.0020019999959918606
24511.718749999996,-199.9999999988296,0.05206343906657014,0.49999101805371216,-0.005993952156165798
24609.374999999996,-199.99999999890306,0.08659982504242747,0.49997514994523057,-0.009969841973531481
24707.031249999996,-199.9999999988945,0.12099943289391299,0.4999514887028079,-0.01392967247944188
24804.687499999996,-199.99999999893527,0.1552633417425925,0.4999201285831205,-0.017873448177255207
24902.343749999996,-199.99999999896372,0.1893926179894759,0.49988116306980335,-0.021801175012423762
24999.999999999996,-199.99999999898375,0.22338831551416632,0.4998346848741551,-0.025712860342955432
25097.656249999996,-199.9999999989997,0.25725147587012676,0.4997807859360051,-0.029608512910246798
25195.312499999996,-199.99999999902928,0.29098312847615543,0.4997195574247414,-0.03348814281028673
25292.968749999996,-199.999999999058,0.32458429080415746,0.49965108974049205,-0.03735176146522963
25390.624999999996,-199.99999999907158,0.35805596856329835,0.4995754725154552,-0.04119938159533759
25488.281249999996,-199.9999999990959,0.391399155880623,0.4994927946153772,-0.04503101719129012
25585.937499999996,-199.99999999910298,0.42461483547822143,0.49940314414116743,-0.04884668348686036
25683.593749999996,-199.9999999991474,0.4577039788470192,0.4993066084306523,-0.05264639693195614
25781.249999999996,-199.99999999915732,0.49066754641727084,0.4992032740604604,-0.05643017516602386
25878.906249999996,-199.99999999916548,0.52350648772583,0.499093226848034,-0.06019803699181538
25976.562499999996,-199.9999999991928,0.5562217415802689,0.4989765518537663,-0.06395000234951354
26074.218749999996,-199.9999999992069,0.5888142362199201,0.4988533333832562,-0.0676860922912177
26171.874999999996,-199.99999999923406,0.6212848894739065,0.4987236549896791,-0.07140632895578371
26269.531249999996,-199.9999999992431,0.653634608916229,0.4985875994762697,-0.07511073554402012
26367.187499999996,-199.99999999925956,0.6858642920179778,0.4984452488989107,-0.07879933629423541
26464.843749999996,-199.99999999927815,0.7179748262967284,0.49829668456882825,-0.0824721564581356
26562.499999999996,-199.99999999930014,0.7499670894631881,0.4981419870553843,-0.08612922227707044
26660.156249999996,-199.99999999930296,0.7818419495651501,0.4979812361889687,-0.08977056095862491
26757.812499999996,-199.99999999932456,0.8136002651288171,0.4978145110639809,-0.09339620065355304
26855.468749999996,-199.99999999934266,0.84524288529755,0.49764189004190384,-0.09700617043305439
26953.124999999996,-199.9999999993526,0.8767706499680987,0.4974634507544632,-0.1006005002663872
27050.781249999996,-199.99999999936512,0.9081843899243693,0.49727927010686857,-0.10417922099881814
27148.437499999996,-199.99999999938035,0.9394849269687815,0.49708942428113534,-0.10774236432990461
27246.093749999996,-199.99999999939365,0.9706730740512665,0.4968939887394822,-0.11128996279210862
27343.749999999996,-199.99999999940283,1.001749635395959,0.4966930382278027,-0.11482204972973728
27441.406249999996,-199.9999999994244,1.0327154066256288,0.49648664677920495,-0.11833865927820898
27539.062499999996,-199.99999999942887,1.063571174883903,0.4962748877176215,-0.12183982634364114
27636.718749999996,-199.9999999994473,1.0943177189553308,0.4960578336614813,-0.1253255865827589
27734.374999999996,-199.99999999945274,1.1249558093833159,0.49583555652744377,-0.12879597638311813
27832.031249999996,-199.9999999994667,1.155486208585992,0.4956081275341915,-0.1322510328436436
27929.687499999996,-199.99999999948042,1.1859096709700605,0.4953756172062792,-0.13569079375547768
28027.343749999996,-199.99999999949097,1.2162269430426451,0.4951380953780359,-0.13911529758313615
28124.999999999996,-199.99999999949233,1.2464387635211969,0.49489563119751645,-0.14252458344596952
28222.656249999996,-199.99999999951572,1.2765458634415001,0.4946482931305042,-0.14591869109992517
28320.312499999996,-199.9999999995163,1.306548966263807,0.494396148964556,-0.1492976609196087
28417.968749999996,-199.9999999995298,1.3364487879771512,0.4941392658130929,-0.15266153388064127
28515.624999999996,-199.99999999954213,1.366246037201867,0.49387771011953097,-0.15601035154230847
28613.281249999996,-199.99999999954727,1.3959414152903604,0.4936115476614501,-0.15934415603049956
28710.937499999996,-199.9999999995609,1.4255356164261594,0.4933408435548008,-0.16266299002093307
28808.593749999996,-199.99999999956157,1.4550293277212867,0.49306566225814397,-0.1659668967226648
28906.249999999996,-199.99999999958047,1.4844232293119801,0.4927860675769227,-0.16925591986187666
29003.906249999996,-199.9999999995801,1.5137179944528045,0.4925021226677655,-0.1725301036659426
29101.562499999996,-199.99999999959184,1.5429142896091763,0.49221389004281574,-0.175789492847768
29199.218749999996,-199.99999999960212,1.5720127745483428,0.49192143157408863,-0.17903413259040044
29296.874999999996,-199.9999999996117,1.601014102428839,0.4916248084978514,-0.18226406853190696
29394.531249999996,-199.9999999996138,1.629918919888458,0.49132408141902667,-0.18547934675051705
29492.187499999996,-199.99999999962245,1.6587278671307635,0.49101931031561513,-0.18868001375002627
29589.843749999996,-199.9999999996354,1.6874415780101681,0.4907105545431385,-0.19186611644545837
29687.499999999996,-199.99999999963717,1.7160606801156155,0.49039787283909714,-0.19503770214898186
29785.156249999996,-199.99999999964496,1.7445857948528847,0.49008132332744586,-0.19819481855608023
29882.812499999996,-199.99999999965223,1.7730175375255477,0.48976096352308174,-0.20133751373196787
29980.468749999996,-199.99999999965962,1.8013565174146087,0.48943685033634354,-0.2044658360982558
30078.124999999996,-199.999999999667,1.8296033378568455,0.48910904007752326,-0.20757983441985675
30175.781249999996,-199.9999999996727,1.8577585963218823,0.488777588461386,-0.21067955779213038
30273.437499999996,-199.99999999967687,1.8858228844880194,0.4884425506116979,-0.213765055628267
30371.093749999996,-199.99999999968782,1.9137967883168376,0.4881039810657588,-0.2168363776469014
30468.749999999996,-199.9999999996891,1.9416808881266092,0.48776193377894256,-0.21989357385996028
30566.406249999996,-199.99999999969663,1.9694757586645317,0.4874164621292385,-0.22293669456073462
30664.062499999996,-199.99999999970464,1.9971819691778105,0.48706761892179645,-0.22596579031217687
30761.718749999996,-199.99999999970856,2.024800083483612,0.48671545639347213,-0.22898091193542033
30859.374999999996,-199.9999999997108,2.052330660037907,0.48636002621737295,-0.2319821104985155
30957.031249999996,-199.99999999972206,2.0797742520032263,0.48600137950740213,-0.23496943730538275
31054.687499999996,-199.99999999972408,2.107131407315352,0.48563956682280107,-0.23794294388497564
31152.343749999996,-199.99999999973073,2.1344026687489577,0.4852746381726864,-0.24090268198065667
31249.999999999996,-199.99999999973312,2.161588573982225,0.4849066430205846,-0.24384870353977595
31347.656249999996,-199.99999999974148,2.1886896556604496,0.4845356302889597,-0.2467810607034551
31445.312499999996,-199.99999999974324,2.21570644145866,0.4841616483637344,-0.24969980579657303
31542.968749999996,-199.99999999974958,2.242639454143263,0.48378474509880437,-0.2526049913179462
31640.624999999996,-199.99999999975415,2.26948921163274,0.48340496782054254,-0.2554966699307074
31738.281249999996,-199.99999999975887,2.296256227057404,0.48302236333229587,-0.258374894452875
31835.937499999996,-199.99999999976336,2.3229410088182427,0.4826369779188702,-0.26123971784810956
31933.593749999996,-199.99999999976615,2.3495440606448548,0.48224885735100503,-0.26409119321666213
32031.249999999996,-199.99999999977234,2.3760658816525098,0.48185804688983525,-0.2669293737865006
32128.906249999996,-199.99999999977643,2.402506966398332,0.481464591291342,-0.269754312904621
32226.562499999996,-199.99999999977777,2.4288678049366346,0.4810685348107876,-0.2725660640285363
32324.218749999996,-199.9999999997862,2.4551488828734196,0.4806699212071387,-0.2753646807179389
32421.874999999996,-199.99999999978758,2.48135068142005,0.48026879374747244,-0.2781502166265398
32519.531249999996,-199.99999999979076,2.507473677446119,0.4798651952113689,-0.28092272549407454
32617.187499999996,-199.9999999997945,2.533518343531526,0.47945916789528575,-0.28368226113848016
32714.843749999996,-199.9999999997986,2.5594851480177727,0.47905075361691707,-0.28642887744823387
32812.49999999999,-199.9999999998048,2.585374555058496,0.47863999371953436,-0.289162628374858
32910.15624999999,-199.99999999980452,2.6111870246692486,0.47822692907630987,-0.2918835679255824
33007.81249999999,-199.99999999980957,2.6369230127765455,0.47781160009462065,-0.2945917501561663
33105.46874999999,-199.99999999981327,2.6625829712661804,0.47739404672033414,-0.2972872291638738
33203.12499999999,-199.99999999981543,2.688167348030838,0.4769743084420742,-0.2999700590806027
33300.78124999999,-199.9999999998208,2.7136765870169977,0.47655242429546646,-0.3026402940661647
33398.43749999999,-199.9999999998221,2.7391111282711615,0.47612843286736406,-0.3052979883017114
33496.09374999999,-199.9999999998248,2.7644714079853965,0.4757023723000513,-0.3079431959833071
33593.74999999999,-199.99999999982947,2.789757858542222,0.47527428029542673,-0.3105759713156454
33691.40624999999,-199.9999999998319,2.814970908558842,0.47484419411916423,-0.3131963685059045
33789.06249999999,-199.99999999983456,2.8401109829307374,0.4744121506048512,-0.31580444175774347
33886.71874999999,-199.9999999998372,2.8651785028746297,0.4739781861581059,-0.3184002452654326
33984.37499999999,-199.99999999984053,2.8901738859708272,0.47354233676066965,-0.32098383320812013
34082.03124999999,-199.99999999984286,2.9150975462049633,0.4731046379744772,-0.3235552597442287
34179.68749999999,-199.99999999984553,2.9399498940091364,0.4726651249457038,-0.32611457900598223
34277.34374999999,-199.99999999984894,2.9647313363024645,0.4722238324087867,-0.328661845094061
34374.99999999999,-199.99999999985113,2.9894422765310633,0.4717807946904249,-0.3311971120723807
34472.65624999999,-199.99999999985275,3.0140831147074536,0.4713360457135518,-0.3337204339629961
34570.31249999999,-199.99999999985587,3.0386542474494167,0.4708896190012863,-0.3362318647411246
34667.96874999999,-199.99999999985934,3.0631560680182974,0.4704415476808556,-0.3387314583302901
34765.62499999999,-199.99999999986096,3.0875889663567713,0.46999186448749586,-0.34121926859758306
34863.28124999999,-199.9999999998627,3.11195332912608,0.46954060176832546,-0.3436953493490352
34960.93749999999,-199.99999999986568,3.136249539742747,0.4690877914861939,-0.34615975432510954
35058.59374999999,-199.99999999986773,3.1604779784147805,0.4686334652235048,-0.34861253719629814
35156.24999999999,-199.99999999986952,3.1846390221773744,0.46817765418601237,-0.3510537515588328
35253.90624999999,-199.99999999987347,3.2087330449281124,0.4677203892065924,-0.35348345093049965
35351.56249999999,-199.99999999987298,3.2327604174616855,0.4672617007489876,-0.35590168874656114
35449.21874999999,-199.99999999987676,3.2567215075041296,0.46680161891152555,-0.35830851835578165
35546.87499999999,-199.99999999987813,3.280616679746598,0.4663401734308107,-0.3607039930165535
35644.53124999999,-199.99999999988017,3.3044462958786607,0.46587739368538994,-0.3630881658931243
35742.18749999999,-199.99999999988347,3.3282107146211577,0.4654133086993916,-0.3654610900519223
35839.84374999999,-199.9999999998828,3.3519102917585974,0.46494794714613774,-0.36782281845797604
35937.49999999999,-199.9999999998875,3.3755453801711175,0.464481337351729,-0.3701734039714327
36035.15624999999,-199.9999999998871,3.3991163298660125,0.46401350729860336,-0.37251289934416504
36132.81249999999,-199.99999999989092,3.422623488008832,0.46354448462906783,-0.3748413572164734
36230.46874999999,-199.99999999989055,3.4460671989540623,0.4630742966488028,-0.37715883011387435
36328.12499999999,-199.99999999989424,3.4694478042753927,0.46260297033034,-0.3794653704439794
36425.78124999999,-199.99999999989367,3.4927656427955767,0.4621305323165123,-0.3817610304934594
36523.43749999999,-199.99999999989828,3.516021050615893,0.46165700892387806,-0.3840458624250931
36621.09374999999,-199.9999999998988,3.539214361145215,0.4611824261461169,-0.3863199182749004
36718.74999999999,-199.99999999989893,3.562345905128689,0.4607068096573993,-0.38858324994935567
36816.40624999999,-199.99999999990192,3.585416010676037,0.4602301848157287,-0.39083590922268263
36914.06249999999,-199.99999999990342,3.6084250032894793,0.4597525766662564,-0.39307794773422766
37011.71874999999,-199.9999999999055,3.6313732058912924,0.45927400994457024,-0.3953094169859087
37109.37499999999,-199.9999999999058,3.6542609388510012,0.45879450907995517,-0.3975303683397431
37207.03124999999,-199.9999999999073,3.6770885200122154,0.4583140981986272,-0.3997408530154463
37304.68749999999,-199.99999999990987,3.6998562647191147,0.4578328011269406,-0.4019409220881063
37402.34374999999,-199.99999999991064,3.7225644858425824,0.457350641394568,-0.4041306264859283
37499.99999999999,-199.99999999991178,3.7452134938060073,0.45686764223765386,-0.40631001698804853
37597.65624999999,-199.9999999999137,3.767803596610746,0.45638382660194016,-0.4084791442224203
37695.31249999999,-199.99999999991505,3.790335099861249,0.4558992171458666,-0.41063805866376296
37792.96874999999,-199.99999999991564,3.8128083067898704,0.45541383624364296,-0.41278681063158174
37890.62499999999,-199.9999999999177,3.8352235182813548,0.45492770598829624,-0.41492545028824773
37988.28124999999,-199.99999999991925,3.8575810328970066,0.4544408481946892,-0.4170540276371467
38085.93749999999,-199.99999999991945,3.8798811468985512,0.45395328440251415,-0.4191725925208856
38183.59374999999,-199.99999999992127,3.9021241542716916,0.4534650358792598,-0.4212811946195634
38281.24999999999,-199.9999999999227,3.924310346749361,0.45297612362315137,-0.4233798834491006
38378.90624999999,-199.99999999992323,3.9464400138346836,0.45248656836606505,-0.4254687083596273
38476.56249999999,-199.99999999992536,3.968513442823636,0.45199639057641583,-0.42754771853393014
38574.21874999999,-199.99999999992596,3.9905309188274334,0.45150561046201987,-0.42961696298595453
38671.87499999999,-199.9999999999267,4.01249272479462,0.4510142479729306,-0.4316764905593625
38769.53124999999,-199.99999999992843,4.034399141532891,0.4505223228042487,-0.4337263499261458
38867.18749999999,-199.99999999992923,4.056250447730631,0.4500298543989069,-0.43576658958528997
38964.84374999999,-199.99999999993034,4.078046919978192,0.4495368619504293,-0.4377972578614931
39062.49999999999,-199.99999999993162,4.099788832788897,0.44904336440566434,-0.4398184029039336
39160.15624999999,-199.99999999993196,4.121476458619784,0.4485493804674935,-0.44183007268508906
39257.81249999999,-199.99999999993446,4.143110067892096,0.44805492859751384,-0.4438323149996034
39355.46874999999,-199.99999999993412,4.164689929011506,0.4475600270186961,-0.44582517746320244
39453.12499999999,-199.99999999993503,4.186216308388106,0.44706469371801766,-0.44780870751165636
39550.78124999999,-199.99999999993688,4.207689470456134,0.44656894644907047,-0.4497829523997873
39648.43749999999,-199.9999999999368,4.229109677693465,0.4460728027346438,-0.45174795920052396
39746.09374999999,-199.99999999993906,4.2504771906408685,0.4455762798692844,-0.45370377480399765
39843.74999999999,-199.99999999993878,4.2717922679210165,0.44507939492182935,-0.455650445916684
39941.40624999999,-199.99999999994048,4.2930551662572665,0.44458216473791706,-0.45758801906058527
40039.06249999999,-199.99999999994077,4.314266140492217,0.4440846059424724,-0.4595165405724542
40136.71874999999,-199.999999999942,4.335425443606031,0.44358673494216955,-0.4614360566030593
40234.37499999999,-199.99999999994233,4.3565333267345405,0.44308856792786894,-0.4633466131164888
40332.03124999999,-199.999999999944,4.377590039187132,0.4425901208770323,-0.4652482558894935
40429.68749999999,-199.99999999994446,4.398595828464416,0.4420914095561132,-0.46714103051086836
40527.34374999999,-199.99999999994526,4.419550940275679,0.44159244952292415,-0.4690249823808694
40624.99999999999,-199.99999999994571,4.440455618556126,0.44109325612898087,-0.47090015671066954
40722.65624999999,-199.999999999947,4.461310105483928,0.44059384452182354,-0.4727665985218466
40820.31249999999,-199.99999999994753,4.482114641497049,0.44009422964731415,-0.47462435264590963
40917.96874999999,-199.9999999999483,4.502869465309878,0.43959442625191203,-0.4764734637238565
41015.62499999999,-199.99999999994898,4.523574813929667,0.4390944488849268,-0.4783139762057654
41113.28124999999,-199.99999999995026,4.544230922672768,0.438594311900748,-0.48014593435041986
41210.93749999999,-199.99999999995015,4.564838025180681,0.43809402946105275,-0.48196938222496366
41308.59374999999,-199.99999999995134,4.58539635343591,0.4375936155369917,-0.483784363704589
41406.24999999999,-199.99999999995208,4.605906137777633,0.4370930839113526,-0.48559092247225244
41503.90624999999,-199.9999999999528,4.626367606917184,0.4365924481807019,-0.48738910201842284
41601.56249999999,-199.99999999995305,4.646780987953362,0.4360917217575046,-0.48917894564085723
41699.21874999999,-199.99999999995424,4.667146506387548,0.4355909178722235,-0.4909604964444039
41796.87499999999,-199.9999999999545,4.687464386138653,0.43509004957539543,-0.4927337973408357
41894.53124999999,-199.99999999995524,4.707734849557895,0.43458912973968833,-0.49449889104870753
41992.18749999999,-199.99999999995612,4.727958117443392,0.4340881710619351,-0.49625582009324276
42089.84374999999,-199.99999999995651,4.7481344090546,0.43358718606514823,-0.49800462680624363
42187.49999999999,-199.9999999999572,4.768263942126571,0.43308618710051366,-0.499745353326027
42285.15624999999,-199.99999999995762,4.788346932884052,0.43258518634936244,-0.501478041597386
42382.81249999999,-199.99999999995828,4.808383596055426,0.4320841958251241,-0.5032027333715738
42480.46874999999,-199.99999999995907,4.828374144886479,0.4315832273752586,-0.5049194702063123
42578.12499999999,-199.9999999999596,4.848318791154026,0.4310822926831685,-0.506628293465823
42675.78124999999,-199.99999999995995,4.868217745179368,0.4305814032700911,-0.5083292443208799
42773.43749999999,-199.99999999996072,4.8880712158416,0.43008057049697124,-0.5100223637488844
42871.09374999999,-199.999999999961,4.907879410590766,0.4295798055663139,-0.511707692533962
42968.74999999999,-199.9999999999619,4.927642535460867,0.42907911952401845,-0.513385271267079
43066.40624999999,-199.99999999996217,4.947360795082721,0.4285785232611924,-0.5150551403461789
43164.06249999999,-199.999999999963,4.967034392696671,0.4280780275159469,-0.5167173399763405
43261.71874999999,-199.9999999999631,4.986663530165156,0.4275776428751728,-0.5183719101699521
43359.37499999999,-199.99999999996376,5.006248407985144,0.4270773797762989,-0.5200188907469071
43457.03124999999,-199.99999999996436,5.025789225300411,0.42657724850903045,-0.5216583213348176
43554.68749999999,-199.99999999996479,5.045286179913697,0.42607725921706974,-0.5232902413692426
43652.34374999999,-199.9999999999652,5.064739468298719,0.42557742189981856,-0.5249146900939387
43749.99999999999,-199.99999999996587,5.084149285612048,0.4250777464140626,-0.5265317065611221
43847.65624999999,-199.99999999996612,5.103515825704857,0.4245782424756373,-0.5281413296317525
43945.31249999999,-199.99999999996652,5.122839281134542,0.42407891966107697,-0.529743597975828
44042.96874999999,-199.9999999999673,5.1421198431762,0.42357978740924435,-0.5313385500726985
44140.62499999999,-199.99999999996757,5.161357701834001,0.42308085502294573,-0.532926224211394
44238.28124999999,-199.99999999996794,5.180553045852413,0.4225821316705256,-0.5345066584909663
44335.93749999999,-199.99999999996848,5.199706062727316,0.42208362638744634,-0.5360798908208464
44433.59374999999,-199.9999999999687,5.218816938716994,0.4215853480778498,-0.5376459589212153
44531.24999999999,-199.99999999996942,5.2378858588530015,0.42108730551610235,-0.539204900323388
44628.90624999999,-199.99999999996976,5.256913006950907,0.4205895073483235,-0.5407567523702113
44726.56249999999,-199.99999999997,5.275898565620932,0.4200919620938977,-0.5423015522164738
44824.21874999999,-199.9999999999705,5.294842716278465,0.4195946781469693,-0.5438393368293297
44921.87499999999,-199.99999999997084,5.313745639154458,0.41909766377792246,-0.545370142988732
45019.53124999999,-199.99999999997127,5.332607513305719,0.4186009271348441,-0.5468940072878803
45117.18749999999,-199.99999999997172,5.3514285166250914,0.41810447624497066,-0.5484109661336788
45214.84374999999,-199.99999999997215,5.370208825851513,0.4176083190161206,-0.5499210557472046
45312.49999999999,-199.99999999997218,5.388948616579981,0.417112463238109,-0.5514243121641887
45410.15624999999,-199.99999999997286,5.407648063271397,0.41661691658414884,-0.5529207712355046
45507.81249999999,-199.99999999997303,5.426307339262321,0.4161216866122358,-0.5544104686276702
45605.46874999999,-199.99999999997362,5.444926616774603,0.41562678076651777,-0.5558934398233569
45703.12499999999,-199.9999999999738,5.463506066924925,0.41513220637865006,-0.5573697201219093
45800.78124999999,-199.99999999997425,5.482045859734236,0.4146379706691353,-0.5588393446398753
45898.43749999999,-199.9999999999743,5.500546164137089,0.41414408074864856,-0.5603023483115412
45996.09374999999,-199.99999999997488,5.519007147990873,0.4136505436193477,-0.5617587658894808
46093.74999999999,-199.99999999997524,5.537428978084957,0.41315736617617005,-0.5632086319451083
46191.40624999999,-199.99999999997559,5.555811820149726,0.41266455520811396,-0.5646519808692413
46289.06249999999,-199.9999999999757,5.57415583886553,0.4121721173995061,-0.566088846872672
46386.71874999999,-199.99999999997624,5.592461197871534,0.41168005933125557,-0.5675192639867442
46484.37499999999,-199.9999999999763,5.610728059774481,0.41118838748209346,-0.5689432660639399
46582.03124999999,-199.99999999997684,5.6289565861573525,0.41069710822979916,-0.5703608867784701
46679.68749999999,-199.99999999997698,5.647146937587947,0.4102062278524117,-0.5717721596268756
46777.34374999999,-199.99999999997743,5.665299273627369,0.4097157525294297,-0.5731771179286317
46874.99999999999,-199.9999999999777,5.683413752838423,0.4092256883429964,-0.5745757948267598
46972.65624999999,-199.99999999997777,5.701490532793928,0.4087360412790722,-0.5759682232884469
47070.31249999999,-199.99999999997823,5.719529770084937,0.4082468172285935,-0.5773544361056677
47167.96874999999,-199.99999999997863,5.7375316203288795,0.4077580219886191,-0.5787344658958158
47265.62499999999,-199.99999999997866,5.755496238177615,0.40726966126346414,-0.5801083451023376
47363.28124999999,-199.99999999997908,5.773423777325407,0.4067817406658201,-0.5814761059953727
47460.93749999999,-199.99999999997925,5.791314390516807,0.4062942657178638,-0.582837780672399
47558.59374999999,-199.9999999999796,5.809168229554469,0.40580724185235256,-0.584193401058883
47656.24999999999,-199.9999999999798,5.826985445306876,0.40532067441370806,-0.5855429989089338
47753.90624999999,-199.9999999999801,5.8447661877159875,0.40483456865908746,-0.5868866058059617
47851.56249999999,-199.99999999998028,5.862510605804811,0.404348929759443,-0.5882242531633427
47949.21874999999,-199.99999999998062,5.8802188476849,0.40386376280056874,-0.5895559722250837
48046.87499999999,-199.9999999999808,5.897891060563766,0.40337907278413687,-0.5908817940664952
48144.53124999999,-199.99999999998101,5.915527390752225,0.40289486462872093,-0.5922017495948646
48242.18749999999,-199.9999999999813,5.933127983671666,0.4024111431708085,-0.5935158695501347
48339.84374999999,-199.99999999998155,5.950692983861239,0.40192791316580173,-0.5948241845055857
48437.49999999999,-199.99999999998167,5.968222534984987,0.40144517928900747,-0.5961267248685186
48535.15624999999,-199.99999999998207,5.985716779838889,0.40096294613661526,-0.5974235208809436
48632.81249999999,-199.9999999999822,6.003175860357841,0.4004812182266641,-0.5987146026202702
48730.46874999999,-199.99999999998255,6.020599917622569,0.39999999999999997,-0.5999999999999999
48828.12499999999,-199.9999999999825,,,
48925.78124999999,-199.99999999998295,,,
49023.43749999999,-199.9999999999831,,,
49121.09374999999,-199.9999999999833,,,
49218.74999999999,-199.99999999998352,,,
49316.40624999999,-199.99999999998363,,,
49414.06249999999,-199.99999999998397,,,
49511.71874999999,-199.99999999998408,,,
49609.37499999999,-199.99999999998425,,,
49707.03124999999,-199.9999999999846,,,
49804.68749999999,-199.99999999998465,,,
49902.34374999999,-199.99999999998482,,,
49999.99999999999,-199.9999999999851,,,
50097.65624999999,-199.9999999999852,,,
50195.31249999999,-199.99999999998548,,,
50292.96874999999,-199.9999999999855,,,
50390.62499999999,-199.99999999998576,,,
50488.28124999999,-199.99999999998593,,,
50585.93749999999,-199.9999999999862,,,
50683.59374999999,-199.99999999998622,,,
50781.24999999999,-199.9999999999865,,,
50878.90624999999,-199.99999999998653,,,
50976.56249999999,-199.9999999999868,,,
51074.21874999999,-199.99999999998693,,,
51171.87499999999,-199.99999999998704,,,
51269.53124999999,-199.99999999998724,,,
51367.18749999999,-199.99999999998738,,,
51464.84374999999,-199.9999999999876,,,
51562.49999999999,-199.99999999998755,,,
51660.15624999999,-199.99999999998795,,,
51757.81249999999,-199.99999999998792,,,
51855.46874999999,-199.9999999999881,,,
51953.12499999999,-199.99999999998823,,,
52050.78124999999,-199.99999999998846,,,
52148.43749999999,-199.9999999999885,,,
52246.09374999999,-199.9999999999887,,,
52343.74999999999,-199.99999999998877,,,
52441.40624999999,-199.99999999998897,,,
52539.06249999999,-199.99999999998906,,,
52636.71874999999,-199.99999999998917,,,
52734.37499999999,-199.9999999999893,,,
52832.03124999999,-199.99999999998948,,,
52929.68749999999,-199.99999999998954,,,
53027.34374999999,-199.9999999999897,,,
53124.99999999999,-199.99999999998977,,,
53222.65624999999,-199.99999999999,,,
53320.31249999999,-199.99999999999005,,,
53417.96874999999,-199.99999999999017,,,
53515.62499999999,-199.9999999999903,,,
53613.28124999999,-199.99999999999037,,,
53710.93749999999,-199.99999999999056,,,
53808.59374999999,-199.9999999999906,,,
53906.24999999999,-199.9999999999908,,,
54003.90624999999,-199.99999999999076,,,
54101.56249999999,-199.99999999999093,,,
54199.21874999999,-199.99999999999102,,,
54296.87499999999,-199.9999999999912,,,
54394.53124999999,-199.99999999999125,,,
54492.18749999999,-199.9999999999913,,,
54589.84374999999,-199.99999999999145,,,
54687.49999999999,-199.99999999999153,,,
54785.15624999999,-199.9999999999916,,,
54882.81249999999,-199.99999999999181,,,
54980.46874999999,-199.9999999999918,,,
55078.12499999999,-199.99999999999193,,,
55175.78124999999,-199.99999999999199,,,
55273.43749999999,-199.9999999999921,,,
55371.09374999999,-199.99999999999218,,,
55468.74999999999,-199.9999999999923,,,
55566.40624999999,-199.99999999999235,,,
55664.06249999999,-199.99999999999244,,,
55761.71874999999,-199.9999999999926,,,
55859.37499999999,-199.9999999999926,,,
55957.03124999999,-199.99999999999267,,,
56054.68749999999,-199.99999999999278,,,
56152.34374999999,-199.9999999999929,,,
56249.99999999999,-199.99999999999292,,,
56347.65624999999,-199.999999999993,,,
56445.31249999999,-199.99999999999312,,,
56542.96874999999,-199.99999999999318,,,
56640.62499999999,-199.99999999999324,,,
56738.28124999999,-199.99999999999332,,,
56835.93749999999,-199.99999999999343,,,
56933.59374999999,-199.99999999999346,,,
57031.24999999999,-199.99999999999358,,,
57128.90624999999,-199.9999999999936,,,
57226.56249999999,-199.99999999999372,,,
57324.21874999999,-199.99999999999375,,,
57421.87499999999,-199.99999999999386,,,
57519.53124999999,-199.9999999999939,,,
57617.18749999999,-199.99999999999397,,,
57714.84374999999,-199.99999999999403,,,
57812.49999999999,-199.99999999999415,,,
57910.15624999999,-199.99999999999417,,,
58007.81249999999,-199.99999999999426,,,
58105.46874999999,-199.99999999999432,,,
58203.12499999999,-199.99999999999432,,,
58300.78124999999,-199.99999999999446,,,
58398.43749999999,-199.9999999999945,,,
58496.09374999999,-199.99999999999457,,,
58593.74999999999,-199.9999999999946,,,
58691.40624999999,-199.99999999999463,,,
58789.06249999999,-199.9999999999947,,,
58886.71874999999,-199.99999999999483,,,
58984.37499999999,-199.99999999999486,,,
59082.03124999999,-199.99999999999488,,,
59179.68749999999,-199.99999999999494,,,
59277.34374999999,-199.99999999999503,,,
59374.99999999999,-199.99999999999505,,,
59472.65624999999,-199.9999999999951,,,
59570.31249999999,-199.9999999999952,,,
59667.96874999999,-199.99999999999523,,,
59765.62499999999,-199.99999999999523,,,
59863.28124999999,-199.99999999999534,,,
59960.93749999999,-199.99999999999534,,,
60058.59374999999,-199.99999999999545,,,
60156.24999999999,-199.99999999999545,,,
60253.90624999999,-199.9999999999955,,,
60351.56249999999,-199.99999999999557,,,
60449.21874999999,-199.99999999999562,,,
60546.87499999999,-199.99999999999568,,,
60644.53124999999,-199.9999999999957,,,
60742.18749999999,-199.99999999999577,,,
60839.84374999999,-199.9999999999958,,,
60937.49999999999,-199.99999999999588,,,
61035.15624999999,-199.99999999999588,,,
61132.81249999999,-199.99999999999596,,,
61230.46874999999,-199.999999999996,,,
61328.12499999999,-199.99999999999602,,,
61425.78124999999,-199.99999999999605,,,
61523.43749999999,-199.99999999999613,,,
61621.09374999999,-199.99999999999616,,,
61718.74999999999,-199.9999999999962,,,
61816.40624999999,-199.99999999999628,,,
61914.06249999999,-199.99999999999628,,,
62011.71874999999,-199.9999999999963,,,
62109.37499999999,-199.99999999999636,,,
62207.03124999999,-199.99999999999636,,,
62304.68749999999,-199.99999999999645,,,
62402.34374999999,-199.99999999999645,,,
62499.99999999999,-199.99999999999653,,,
62597.65624999999,-199.99999999999653,,,
62695.31249999999,-199.9999999999966,,,
62792.96874999999,-199.99999999999662,,,
62890.62499999999,-199.99999999999665,,,
62988.28124999999,-199.9999999999967,,,
63085.93749999999,-199.99999999999673,,,
63183.59374999999,-199.99999999999676,,,
63281.24999999999,-199.99999999999682,,,
63378.90624999999,-199.99999999999685,,,
63476.56249999999,-199.99999999999685,,,
63574.21874999999,-199.9999999999969,,,
63671.87499999999,-199.9999999999969,,,
63769.53124999999,-199.999999999997,,,
63867.18749999999,-199.99999999999702,,,
63964.84374999999,-199.99999999999702,,,
64062.49999999999,-199.9999999999971,,,
64160.15624999999,-199.9999999999971,,,
64257.81249999999,-199.99999999999713,,,
64355.46874999999,-199.99999999999716,,,
64453.12499999999,-199.9999999999972,,,
64550.78124999999,-199.9999999999972,,,
64648.43749999999,-199.99999999999721,,,
64746.09374999999,-199.99999999999727,,,
64843.74999999999,-199.9999999999973,,,
64941.40624999999,-199.99999999999733,,,
65039.06249999999,-199.99999999999739,,,
65136.71874999999,-199.9999999999974,,,
65234.37499999999,-199.9999999999974,,,
65332.03124999999,-199.99999999999744,,,
65429.68749999999,-199.99999999999747,,,
65527.34374999999,-199.99999999999747,,,
65624.99999999999,-199.9999999999975,,,
65722.65624999999,-199.99999999999756,,,
65820.31249999999,-199.99999999999758,,,
65917.96874999999,-199.99999999999758,,,
66015.62499999999,-199.9999999999976,,,
66113.28124999999,-199.99999999999767,,,
66210.93749999999,-199.9999999999977,,,
66308.59374999999,-199.9999999999977,,,
66406.24999999999,-199.99999999999773,,,
66503.90624999999,-199.99999999999775,,,
66601.56249999999,-199.99999999999775,,,
66699.21874999999,-199.99999999999778,,,
66796.87499999999,-199.99999999999784,,,
66894.53124999999,-199.99999999999784,,,
66992.18749999999,-199.99999999999787,,,
67089.84374999999,-199.99999999999787,,,
67187.49999999999,-199.9999999999979,,,
67285.15624999999,-199.99999999999795,,,
67382.81249999999,-199.99999999999795,,,
67480.46874999999,-199.99999999999798,,,
67578.12499999999,-199.999999999998,,,
67675.78124999999,-199.999999999998,,,
67773.43749999999,-199.99999999999804,,,
67871.09374999999,-199.99999999999807,,,
67968.74999999999,-199.99999999999807,,,
68066.40624999999,-199.99999999999812,,,
68164.06249999999,-199.99999999999812,,,
68261.71874999999,-199.99999999999815,,,
68359.37499999999,-199.99999999999815,,,
68457.03124999999,-199.99999999999818,,,
68554.68749999999,-199.99999999999818,,,
68652.34374999999,-199.99999999999824,,,
68749.99999999999,-199.99999999999824,,,
68847.65624999999,-199.99999999999827,,,
68945.31249999999,-199.99999999999827,,,
69042.96874999999,-199.9999999999983,,,
69140.62499999999,-199.99999999999832,,,
69238.28124999999,-199.99999999999832,,,
69335.93749999999,-199.99999999999835,,,
69433.59374999999,-199.99999999999835,,,
69531.24999999999,-199.99999999999835,,,
69628.90624999999,-199.9999999999984,,,
69726.56249999999,-199.99999999999844,,,
69824.21874999999,-199.99999999999844,,,
69921.87499999999,-199.99999999999844,,,
70019.53124999999,-199.99999999999847,,,
70117.18749999999,-199.99999999999847,,,
70214.84374999999,-199.99999999999852,,,
70312.49999999999,-199.99999999999852,,,
70410.15624999999,-199.99999999999855,,,
70507.81249999999,-199.99999999999855,,,
70605.46874999999,-199.99999999999858,,,
70703.12499999999,-199.99999999999858,,,
70800.78124999999,-199.99999999999858,,,
70898.43749999999,-199.9999999999986,,,
70996.09374999999,-199.9999999999986,,,
71093.74999999999,-199.99999999999864,,,
71191.40624999999,-199.99999999999864,,,
71289.06249999999,-199.99999999999864,,,
71386.71874999999,-199.9999999999987,,,
71484.37499999999,-199.9999999999987,,,
71582.03124999999,-199.99999999999872,,,
71679.68749999999,-199.99999999999872,,,
71777.34374999999,-199.99999999999875,,,
71874.99999999999,-199.99999999999875,,,
71972.65624999999,-199.99999999999875,,,
72070.31249999999,-199.99999999999875,,,
72167.96874999999,-199.9999999999988,,,
72265.62499999999,-199.9999999999988,,,
72363.28124999999,-199.99999999999883,,,
72460.93749999999,-199.99999999999883,,,
72558.59374999999,-199.99999999999883,,,
72656.24999999999,-199.99999999999886,,,
72753.90624999999,-199.99999999999886,,,
72851.56249999999,-199.99999999999886,,,
72949.21874999999,-199.9999999999989,,,
73046.87499999999,-199.9999999999989,,,
73144.53124999999,-199.9999999999989,,,
73242.18749999999,-199.99999999999892,,,
73339.84374999999,-199.99999999999892,,,
73437.49999999999,-199.99999999999892,,,
73535.15624999999,-199.99999999999898,,,
73632.81249999999,-199.99999999999898,,,
73730.46874999999,-199.99999999999898,,,
73828.12499999999,-199.999999999999,,,
73925.78124999999,-199.999999999999,,,
74023.43749999999,-199.999999999999,,,
74121.09374999999,-199.99999999999903,,,
74218.74999999999,-199.99999999999903,,,
74316.40624999999,-199.99999999999903,,,
74414.06249999999,-199.9999999999991,,,
74511.71874999999,-199.9999999999991,,,
74609.37499999999,-199.9999999999991,,,
74707.03124999999,-199.9999999999991,,,
74804.68749999999,-199.99999999999912,,,
74902.34374999999,-199.99999999999912,,,
74999.99999999999,-199.99999999999912,,,
75097.65624999999,-199.99999999999915,,,
75195.31249999999,-199.99999999999915,,,
75292.96874999999,-199.99999999999915,,,
75390.62499999999,-199.99999999999915,,,
75488.28124999999,-199.99999999999918,,,
75585.93749999999,-199.99999999999918,,,
75683.59374999999,-199.99999999999918,,,
75781.24999999999,-199.99999999999918,,,
75878.90624999999,-199.9999999999992,,,
75976.56249999999,-199.9999999999992,,,
76074.21874999999,-199.9999999999992,,,
76171.87499999999,-199.9999999999992,,,
76269.53124999999,-199.99999999999926,,,
76367.18749999999,-199.99999999999926,,,
76464.84374999999,-199.99999999999926,,,
76562.49999999999,-199.99999999999926,,,
76660.15624999999,-199.9999999999993,,,
76757.81249999999,-199.9999999999993,,,
76855.46874999999,-199.9999999999993,,,
76953.12499999999,-199.9999999999993,,,
77050.78124999999,-199.9999999999993,,,
77148.43749999999,-199.99999999999932,,,
77246.09374999999,-199.99999999999932,,,
77343.74999999999,-199.99999999999932,,,
77441.40624999999,-199.99999999999932,,,
77539.06249999999,-199.99999999999937,,,
77636.71874999999,-199.99999999999937,,,
77734.37499999999,-199.99999999999937,,,
77832.03124999999,-199.99999999999937,,,
77929.68749999999,-199.99999999999937,,,
78027.34374999999,-199.9999999999994,,,
78124.99999999999,-199.9999999999994,,,
78222.65624999999,-199.9999999999994,,,
78320.31249999999,-199.9999999999994,,,
78417.96874999999,-199.99999999999943,,,
78515.62499999999,-199.99999999999943,,,
78613.28124999999,-199.99999999999943,,,
78710.93749999999,-199.99999999999943,,,
78808.59374999999,-199.99999999999943,,,
78906.24999999999,-199.99999999999943,,,
79003.90624999999,-199.99999999999946,,,
79101.56249999999,-199.99999999999946,,,
79199.21874999999,-199.99999999999946,,,
79296.87499999999,-199.99999999999946,,,
79394.53124999999,-199.99999999999946,,,
79492.18749999999,-199.9999999999995,,,
79589.84374999999,-199.9999999999995,,,
79687.49999999999,-199.9999999999995,,,
79785.15624999999,-199.9999999999995,,,
79882.81249999999,-199.9999999999995,,,
79980.46874999999,-199.9999999999995,,,
80078.12499999999,-199.99999999999955,,,
80175.78124999999,-199.99999999999955,,,
80273.43749999999,-199.99999999999955,,,
80371.09374999999,-199.99999999999955,,,
80468.74999999999,-199.99999999999955,,,
80566.40624999999,-199.99999999999955,,,
80664.06249999999,-199.99999999999957,,,
80761.71874999999,-199.99999999999957,,,
80859.37499999999,-199.99999999999957,,,
80957.03124999999,-199.99999999999957,,,
81054.68749999999,-199.99999999999957,,,
81152.34374999999,-199.99999999999957,,,
81249.99999999999,-199.9999999999996,,,
81347.65624999999,-199.9999999999996,,,
81445.31249999999,-199.9999999999996,,,
81542.96874999999,-199.9999999999996,,,
81640.62499999999,-199.9999999999996,,,
81738.28124999999,-199.9999999999996,,,
81835.93749999999,-199.9999999999996,,,
81933.59374999999,-199.9999999999996,,,
82031.24999999999,-199.99999999999966,,,
82128.90624999999,-199.99999999999966,,,
82226.56249999999,-199.99999999999966,,,
82324.21874999999,-199.99999999999966,,,
82421.87499999999,-199.99999999999966,,,
82519.53124999999,-199.99999999999966,,,
82617.18749999999,-199.99999999999966,,,
82714.84374999999,-199.9999999999997,,,
82812.49999999999,-199.9999999999997,,,
82910.15624999999,-199.9999999999997,,,
83007.81249999999,-199.9999999999997,,,
83105.46874999999,-199.9999999999997,,,
83203.12499999999,-199.9999999999997,,,
83300.78124999999,-199.9999999999997,,,
83398.43749999999,-199.9999999999997,,,
83496.09374999999,-199.99999999999972,,,
83593.74999999999,-199.99999999999972,,,
83691.40624999999,-199.99999999999972,,,
83789.06249999999,-199.99999999999972,,,
83886.71874999999,-199.99999999999972,,,
83984.37499999999,-199.99999999999972,,,
84082.03124999999,-199.99999999999972,,,
84179.68749999999,-199.99999999999972,,,
84277.34374999999,-199.99999999999972,,,
84374.99999999999,-199.99999999999974,,,
84472.65624999999,-199.99999999999974,,,
84570.31249999999,-199.99999999999974,,,
84667.96874999999,-199.99999999999974,,,
84765.62499999999,-199.99999999999974,,,
84863.28124999999,-199.99999999999974,,,
84960.93749999999,-199.99999999999974,,,
85058.59374999999,-199.99999999999974,,,
85156.24999999999,-199.99999999999974,,,
85253.90624999999,-199.99999999999974,,,
85351.56249999999,-199.99999999999977,,,
85449.21874999999,-199.99999999999977,,,
85546.87499999999,-199.99999999999977,,,
85644.53124999999,-199.99999999999977,,,
85742.18749999999,-199.99999999999977,,,
85839.84374999999,-199.99999999999977,,,
85937.49999999999,-199.99999999999977,,,
86035.15624999999,-199.99999999999977,,,
86132.81249999999,-199.99999999999977,,,
86230.46874999999,-199.99999999999977,,,
86328.12499999999,-199.99999999999983,,,
86425.78124999999,-199.99999999999983,,,
86523.43749999999,-199.99999999999983,,,
86621.09374999999,-199.99999999999983,,,
86718.74999999999,-199.99999999999983,,,
86816.40624999999,-199.99999999999983,,,
86914.06249999999,-199.99999999999983,,,
87011.71874999999,-199.99999999999983,,,
87109.37499999999,-199.99999999999983,,,
87207.03124999999,-199.99999999999983,,,
87304.68749999999,-199.99999999999983,,,
87402.34374999999,-199.99999999999983,,,
87499.99999999999,-199.99999999999986,,,
87597.65624999999,-199.99999999999986,,,
87695.31249999999,-199.99999999999986,,,
87792.96874999999,-199.99999999999986,,,
87890.62499999999,-199.99999999999986,,,
87988.28124999999,-199.99999999999986,,,
88085.93749999999,-199.99999999999986,,,
88183.59374999999,-199.99999999999986,,,
88281.24999999999,-199.99999999999986,,,
88378.90624999999,-199.99999999999986,,,
88476.56249999999,-199.99999999999986,,,
88574.21874999999,-199.99999999999986,,,
88671.87499999999,-199.99999999999986,,,
88769.53124999999,-199.99999999999986,,,
88867.18749999999,-199.99999999999986,,,
88964.84374999999,-199.9999999999999,,,
89062.49999999999,-199.9999999999999,,,
89160.15624999999,-199.9999999999999,,,
89257.81249999999,-199.9999999999999,,,
89355.46874999999,-199.9999999999999,,,
89453.12499999999,-199.9999999999999,,,
89550.78124999999,-199.9999999999999,,,
89648.43749999999,-199.9999999999999,,,
89746.09374999999,-199.9999999999999,,,
89843.74999999999,-199.9999999999999,,,
89941.40624999999,-199.9999999999999,,,
90039.06249999999,-199.9999999999999,,,
90136.71874999999,-199.9999999999999,,,
90234.37499999999,-199.9999999999999,,,
90332.03124999999,-199.9999999999999,,,
90429.68749999999,-199.9999999999999,,,
90527.34374999999,-199.99999999999994,,,
90624.99999999999,-199.99999999999994,,,
90722.65624999999,-199.99999999999994,,,
90820.31249999999,-199.99999999999994,,,
90917.96874999999,-199.99999999999994,,,
91015.62499999999,-199.99999999999994,,,
91113.28124999999,-199.99999999999994,,,
91210.93749999999,-199.99999999999994,,,
91308.59374999999,-199.99999999999994,,,
91406.24999999999,-199.99999999999994,,,
91503.90624999999,-199.99999999999994,,,
91601.56249999999,-199.99999999999994,,,
91699.21874999999,-199.99999999999994,,,
91796.87499999999,-199.99999999999994,,,
91894.53124999999,-199.99999999999994,,,
91992.18749999999,-199.99999999999994,,,
92089.84374999999,-199.99999999999994,,,
92187.49999999999,-199.99999999999994,,,
92285.15624999999,-199.99999999999994,,,
92382.81249999999,-199.99999999999994,,,
92480.46874999999,-199.99999999999994,,,
92578.12499999999,-199.99999999999997,,,
92675.78124999999,-199.99999999999997,,,
92773.43749999999,-199.99999999999997,,,
92871.09374999999,-199.99999999999997,,,
92968.74999999999,-199.99999999999997,,,
93066.40624999999,-199.99999999999997,,,
93164.06249999999,-199.99999999999997,,,
93261.71874999999,-199.99999999999997,,,
93359.37499999999,-199.99999999999997,,,
93457.03124999999,-199.99999999999997,,,
93554.68749999999,-199.99999999999997,,,
93652.34374999999,-199.99999999999997,,,
93749.99999999999,-199.99999999999997,,,
93847.65624999999,-199.99999999999997,,,
93945.31249999999,-199.99999999999997,,,
94042.96874999999,-199.99999999999997,,,
94140.62499999999,-199.99999999999997,,,
94238.28124999999,-199.99999999999997,,,
94335.93749999999,-199.99999999999997,,,
94433.59374999999,-199.99999999999997,,,
94531.24999999999,-199.99999999999997,,,
94628.90624999999,-199.99999999999997,,,
94726.56249999999,-199.99999999999997,,,
94824.21874999999,-199.99999999999997,,,
94921.87499999999,-199.99999999999997,,,
95019.53124999999,-199.99999999999997,,,
95117.18749999999,-199.99999999999997,,,
95214.84374999999,-199.99999999999997,,,
95312.49999999999,-199.99999999999997,,,
95410.15624999999,-199.99999999999997,,,
95507.81249999999,-199.99999999999997,,,
95605.46874999999,-200.0,,,
95703.12499999999,-200.0,,,
95800.78124999999,-200.0,,,
95898.43749999999,-200.0,,,
95996.09374999999,-200.0,,,
96093.74999999999,-200.0,,,
96191.40624999999,-200.0,,,
96289.06249999999,-200.0,,,
96386.71874999999,-200.0,,,
96484.37499999999,-200.0,,,
96582.03124999999,-200.0,,,
96679.68749999999,-200.0,,,
96777.34374999999,-200.0,,,
96874.99999999999,-200.0,,,
96972.65624999999,-200.0,,,
97070.31249999999,-200.0,,,
97167.96874999999,-200.0,,,
97265.62499999999,-200.0,,,
97363.28124999999,-200.0,,,
97460.93749999999,-200.0,,,
97558.59374999999,-200.0,,,
97656.24999999999,-200.0,,,
97753.90624999999,-200.0,,,
97851.56249999999,-200.0,,,
97949.21874999999,-200.0,,,
98046.87499999999,-200.0,,,
98144.53124999999,-200.0,,,
98242.18749999999,-200.0,,,
98339.84374999999,-200.0,,,
98437.49999999999,-200.0,,,
98535.15624999999,-200.0,,,
98632.81249999999,-200.0,,,
98730.46874999999,-200.0,,,
98828.12499999999,-200.0,,,
98925.78124999999,-200.0,,,
99023.43749999999,-200.0,,,
99121.09374999999,-200.0,,,
99218.74999999999,-200.0,,,
99316.40624999999,-200.0,,,
99414.06249999999,-200.0,,,
99511.71874999999,-200.0,,,
99609.37499999999,-200.0,,,
99707.03124999999,-200.0,,,
99804.68749999999,-200.0,,,
99902.34374999999,-200.0,,,
99999.99999999999,-200.0,,,
