time_ms,amp_nb,amp_wb
-5.0,0.00015285935413000815,1.1944223175753765e-06
-4.98998998998999,0.00015287651039830034,1.2527502626063747e-06
-4.97997997997998,0.00015289363355911397,7.567995503799732e-07
-4.96996996996997,0.00015291072360485363,4.829044991676058e-07
-4.95995995995996,0.00015292778052793855,1.2364748062755036e-05
-4.94994994994995,0.00015294480432080247,2.148835096373757e-06
-4.93993993993994,0.00015296179497589372,2.0308084889279202e-07
-4.92992992992993,0.00015297875248567526,8.295904009529237e-07
-4.91991991991992,0.00015299567684262444,1.5887786356429656e-06
-4.90990990990991,0.00015301256803923333,2.5738474174085293e-06
-4.8998998998999,0.00015302942606800835,1.2070491374540748e-06
-4.88988988988989,0.00015304625092147088,1.407143488095809e-06
-4.87987987987988,0.00015306304259215652,9.875027168575556e-07
-4.86986986986987,0.0001530798010726156,8.80470446722067e-08
-4.85985985985986,0.000153096526355413,2.252242916868938e-06
-4.84984984984985,0.0001531132184331283,6.366299327460838e-06
-4.83983983983984,0.00015312987729835555,7.692289627421339e-07
-4.82982982982983,0.0001531465029437034,5.203562424518844e-07
-4.81981981981982,0.00015316309536179514,1.2697307407863661e-06
-4.80980980980981,0.00015317965454526877,1.7050550372258868e-06
-4.7997997997998,0.00015319618048677676,1.6819041515931656e-06
-4.78978978978979,0.0001532126731789862,1.66356303683654e-06
-4.77977977977978,0.00015322913261457886,1.2258324580149186e-06
-4.76976976976977,0.00015324555878625117,4.562230259925743e-07
-4.75975975975976,0.0001532619516867141,9.089530198285657e-07
-4.74974974974975,0.00015327831130869333,8.760273759509386e-06
-4.73973973973974,0.00015329463764492905,1.9125784029285475e-06
-4.72972972972973,0.00015331093068817633,1.693126338191817e-07
-4.719719719719721,0.00015332719043120458,1.0322273361386012e-06
-4.70970970970971,0.00015334341686679796,1.4323727674493519e-06
-4.6996996996997,0.00015335960998775564,1.1627503911753568e-06
-4.68968968968969,0.00015337576978689083,2.3719655415002265e-06
-4.67967967967968,0.00015339189625703184,1.5342047869303626e-06
-4.66966966966967,0.00015340798939102152,7.719081584276505e-07
-4.65965965965966,0.00015342404918171736,2.931108745402571e-07
-4.64964964964965,0.0001534400756219916,2.4475916995452327e-06
-4.63963963963964,0.00015345606870473103,7.75904828161332e-06
-4.62962962962963,0.0001534720284228373,3.4953026672836617e-07
-4.61961961961962,0.00015348795476922652,8.090565168149176e-07
-4.60960960960961,0.00015350384773682977,1.2777003495561523e-06
-4.5995995995996,0.0001535197073185925,1.178359983901421e-06
-4.58958958958959,0.0001535355335074751,1.6275283798820625e-05
-4.57957957957958,0.00015355132629645257,2.0712919034242334e-06
-4.56956956956957,0.00015356708567851456,1.1071301702184188e-06
-4.55955955955956,0.0001535828116466656,1.2942726230166984e-07
-4.54954954954955,0.00015359850419392488,1.2321776480425342e-06
-4.53953953953954,0.00015361416331332602,6.526886034855841e-06
-4.52952952952953,0.0001536297889979178,1.4713457968281273e-06
-4.51951951951952,0.0001536453812407634,5.475691353662625e-07
-4.50950950950951,0.00015366094003494088,1.1595779616671224e-06
-4.4994994994995,0.00015367646537354303,1.1867200225037608e-06
-4.48948948948949,0.00015369195724967727,7.472518174877739e-08
-4.47947947947948,0.00015370741565646584,3.757586718671594e-06
-4.46946946946947,0.00015372284058704581,1.5557710822385422e-06
-4.45945945945946,0.00015373823203456872,4.975166957949243e-07
-4.44944944944945,0.00015375358999220127,6.313359649377943e-07
-4.43943943943944,0.00015376891445312442,2.4483105111540965e-06
-4.42942942942943,0.00015378420541053433,9.711829600323178e-06
-4.41941941941942,0.00015379946285764176,1.5009166816590589e-07
-4.40940940940941,0.00015381468678767206,1.046347480468426e-06
-4.3993993993994,0.0001538298771938657,1.194337804530524e-06
-4.38938938938939,0.00015384503406947757,6.351832735596895e-07
-4.37937937937938,0.00015386015740777753,9.523743019942865e-06
-4.36936936936937,0.00015387524720205032,2.382048245052942e-06
-4.35935935935936,0.00015389030344559513,9.009700027488617e-07
-4.34934934934935,0.00015390532613172633,2.0542087032429228e-07
-4.33933933933934,0.00015392031525377273,1.4421874302694535e-06
-4.32932932932933,0.0001539352708050782,4.82009898805011e-06
-4.31931931931932,0.00015395019277900131,8.021559209583061e-07
-4.3093093093093096,0.00015396508116891536,9.104116141127528e-07
-4.2992992992992995,0.00015397993596820864,1.2029795490720918e-06
-4.2892892892892895,0.000153994757170284,8.732881468483583e-07
-4.279279279279279,0.0001540095447685594,8.146678822141649e-07
-4.2692692692692695,0.00015402429875646732,5.431848495849176e-06
-4.2592592592592595,0.0001540390191274553,1.4611581808979525e-06
-4.2492492492492495,0.00015405370587498552,1.8287164288694593e-07
-4.2392392392392395,0.00015406835899253512,9.107676890087302e-07
-4.2292292292292295,0.00015408297847359603,2.2858754246424366e-06
-4.219219219219219,0.000154097564311675,1.4289260580745563e-05
-4.2092092092092095,0.0001541121165002936,6.941091683068979e-07
-4.1991991991991995,0.00015412663503298844,1.214230663505718e-06
-4.1891891891891895,0.00015414111990331056,1.027725853327187e-06
-4.1791791791791795,0.00015415557110482625,1.1107643413763541e-07
-4.1691691691691695,0.00015416998863111646,7.832375732491424e-06
-4.159159159159159,0.0001541843724757771,2.5598790080537755e-06
-4.1491491491491495,0.00015419872263241886,6.174661779688582e-07
-4.1391391391391394,0.0001542130390946673,5.192240099809822e-07
-4.1291291291291286,0.00015422732185616281,1.5354441638847074e-06
-4.119119119119119,0.00015424157091056085,3.3912596042214284e-06
-4.109109109109109,0.00015425578625153153,1.4153477878623313e-07
-4.0990990990990985,0.00015426996787275992,1.2310301350812363e-06
-4.089089089089089,0.000154284115767946,1.1591688579064371e-06
-4.079079079079079,0.00015429822993080457,5.162706182438156e-07
-4.0690690690690685,0.00015431231035506536,1.4487452499861807e-06
-4.059059059059059,0.00015432635703447302,7.575670048934486e-06
-4.049049049049049,0.00015434036996278707,1.2457111115958603e-06
-4.0390390390390385,0.00015435434913378194,1.5462377495446872e-07
-4.029029029029029,0.00015436829454124683,1.1150609680006003e-06
-4.019019019019019,0.0001543822061789862,1.9923896397839057e-06
-4.0090090090090085,0.00015439608404081893,0.00015231023994916854
-3.998998998998999,0.00015440992812057927,1.2621926903848443e-06
-3.9889889889889893,0.00015442373841211603,1.2986682978511654e-06
-3.978978978978979,0.00015443751490929323,7.910227205899941e-07
-3.968968968968969,0.00015445125760598963,3.7622504830385916e-07
-3.9589589589589593,0.00015446496649609886,6.713702813183968e-06
-3.948948948948949,0.00015447864157352973,2.5685229185047202e-06
-3.938938938938939,0.00015449228283220584,2.724270585940899e-07
-3.9289289289289293,0.00015450589026606566,7.942333968354883e-07
-3.918918918918919,0.00015451946386906275,1.5149395094028736e-06
-3.9089089089089093,0.00015453300363516543,2.154628261488108e-06
-3.898898898898899,0.0001545465095583571,1.3578867141379237e-06
-3.888888888888889,0.00015455998163263612,1.4841332753984388e-06
-3.8788788788788793,0.00015457341985201567,1.0306188425507615e-06
-3.868868868868869,0.00015458682421052414,1.4207585675174533e-07
-3.858858858858859,0.00015460019470220465,1.8744739863147753e-06
-3.8488488488488493,0.0001546135313211153,1.0727783798209737e-05
-3.838838838838839,0.00015462683406132925,9.113385210222511e-07
-3.828828828828829,0.0001546401029169347,4.860571192404716e-07
-3.8188188188188192,0.00015465333788203456,1.2332788480426786e-06
-3.808808808808809,0.0001546665389507469,1.600958269075332e-06
-3.798798798798799,0.0001546797061172048,4.879981100550156e-07
-3.788788788788789,0.00015469283937555626,1.8190942721496784e-06
-3.7787787787787788,0.00015470593871996422,1.2904811563622756e-06
-3.7687687687687688,0.0001547190041446068,5.015363160531488e-07
-3.758758758758759,0.00015473203564367682,7.880412448028283e-07
-3.7487487487487487,0.0001547450332113824,5.716356742728836e-06
-3.7387387387387387,0.00015475799684194639,2.3705645624850168e-06
-3.728728728728729,0.0001547709265296068,1.1829000702261485e-07
-3.7187187187187187,0.00015478382226861672,1.0113520896603313e-06
-3.7087087087087087,0.000154796684053244,1.3897934689894861e-06
-3.698698698698699,0.00015480951187777175,1.082470709955115e-06
-3.6886886886886887,0.0001548223057364979,2.9698629825995718e-06
-3.6786786786786787,0.00015483506562373556,1.6467832387475703e-06
-3.668668668668669,0.00015484779153381286,8.250656559961894e-07
-3.6586586586586587,0.00015486048346107273,2.2902863572867974e-07
-3.6486486486486487,0.0001548731413998734,2.1074711903088155e-06
-3.638638638638639,0.00015488576534458792,1.7089796382002128e-05
-3.6286286286286287,0.00015489835528960467,4.669989354466396e-07
-3.6186186186186187,0.0001549109112293266,7.923307254379345e-07
-3.608608608608609,0.00015492343315817215,1.2601334917935929e-06
-3.5985985985985987,0.0001549359210705746,1.1452627240917933e-06
-3.5885885885885886,0.00015494837496098237,3.2776968979590705e-06
-3.578578578578579,0.00015496079482385866,2.327865838373407e-06
-3.5685685685685686,0.0001549731806536821,1.1860909269456226e-06
-3.5585585585585586,0.0001549855324449462,1.8012205602686478e-07
-3.548548548548549,0.00015499785019215944,1.1114533127794204e-06
-3.5385385385385386,0.00015501013388984555,4.740776296206649e-06
-3.5285285285285286,0.00015502238353254312,1.924504613443359e-06
-3.518518518518519,0.00015503459911480604,5.216753773820127e-07
-3.508508508508508,0.00015504678063120312,1.155740302646963e-06
-3.4984984984984986,0.00015505892807631823,1.1745428393030663e-06
-3.488488488488489,0.00015507104144475025,1.7420885360331117e-07
-3.478478478478478,0.0001550831207311136,5.14814154411514e-06
-3.4684684684684686,0.00015509516593003713,1.6996483550249358e-06
-3.458458458458459,0.00015510717703616516,5.555270539840692e-07
-3.448448448448448,0.00015511915404415705,5.656851486501056e-07
-3.4384384384384385,0.0001551310969486873,2.16556980276128e-06
-3.428428428428429,0.0001551430057444453,5.257779744497155e-05
-3.418418418418418,0.00015515488042613574,8.171492564359228e-08
-3.4084084084084085,0.00015516672098847827,1.0508381448634237e-06
-3.3983983983983985,0.00015517852742620783,1.1961748128490476e-06
-3.388388388388388,0.00015519029973407427,6.587748960516465e-07
-3.3783783783783785,0.00015520203790684269,4.345989816666391e-06
-3.3683683683683685,0.00015521374193929317,2.7488350742057475e-06
-3.358358358358358,0.000155225411826221,9.87862250192248e-07
-3.3483483483483485,0.0001552370475624367,1.5469230012884077e-07
-3.3383383383383385,0.00015524864914276564,1.3331125948669115e-06
-3.328328328328328,0.00015526021656204851,3.769436639454853e-06
-3.3183183183183185,0.000155271749815141,1.1780638695493916e-06
-3.3083083083083085,0.00015528324889691418,9.179119774025118e-07
-3.2982982982982985,0.00015529471380225384,1.2170938822038787e-06
-3.2882882882882885,0.00015530614452606133,8.881678908976428e-07
-3.2782782782782784,0.00015531754106325302,5.866966532129698e-07
-3.2682682682682684,0.00015532890340876014,8.361850916641588e-06
-3.2582582582582584,0.0001553402315575294,1.6281839630446269e-06
-3.2482482482482484,0.00015535152550452244,2.395758853092824e-07
-3.2382382382382384,0.00015536278524471632,8.506643690956779e-07
-3.2282282282282284,0.00015537401077310296,2.0698861228662734e-06
-3.2182182182182184,0.00015538520208468958,2.3500982345341663e-05
-3.2082082082082084,0.0001553963591744985,6.884709631569531e-07
-3.1981981981981984,0.00015540748203756732,1.2418546824922344e-06
-3.1881881881881884,0.00015541857066894872,1.047649837140607e-06
-3.1781781781781784,0.00015542962506371049,1.7464430046759095e-07
-3.1681681681681684,0.00015544064521693564,4.657312039007508e-06
-3.1581581581581584,0.00015545163112372243,3.0396045643933864e-06
-3.1481481481481484,0.00015546258277918413,7.042762562853786e-07
-3.1381381381381384,0.00015547350017844938,4.739037980792249e-07
-3.1281281281281283,0.0001554843833166618,1.446377579879411e-06
-3.1181181181181183,0.0001554952321889804,2.8126490514361785e-06
-3.1081081081081083,0.00015550604679057925,9.461975340963302e-08
-3.0980980980980983,0.00015551682711664752,1.2777338710822763e-06
-3.0880880880880883,0.00015552757316238987,1.1904408628938892e-06
-3.0780780780780783,0.00015553828492302578,5.529929784062497e-07
-3.0680680680680683,0.00015554896239379027,1.1722830483698166e-06
-3.0580580580580583,0.00015555960556993333,1.4180885917398167e-05
-3.0480480480480483,0.0001555702144467202,1.4235169193027796e-06
-3.0380380380380383,0.00015558078901943136,1.0596980788350022e-07
-3.0280280280280283,0.00015559132928336258,1.0663338422028475e-06
-3.018018018018018,0.00015560183523382462,1.8449816518358103e-06
-3.0080080080080083,0.00015561230686614357,5.147318893920469e-06
-2.9979979979979983,0.00015562274417566083,1.3472708144288807e-06
-2.987987987987988,0.00015563314715773293,1.3493235952075846e-06
-2.9779779779779783,0.0001556435158077315,8.260041432615739e-07
-2.9679679679679682,0.0001556538501210437,2.844070268210526e-07
-2.957957957957958,0.00015566415009307164,4.578287584066937e-06
-2.9479479479479482,0.0001556744157192327,3.154046226218682e-06
-2.9379379379379382,0.00015568464699495962,3.4983056343293144e-07
-2.9279279279279278,0.00015569484391570018,7.595862617434506e-07
-2.917917917917918,0.0001557050064769176,1.4511655394081403e-06
-2.907907907907908,0.0001557151346740902,1.891571351841232e-06
-2.8978978978978978,0.00015572522850271158,1.6161606950718057e-06
-2.887887887887888,0.00015573528795829065,1.5733318196842255e-06
-2.877877877877878,0.00015574531303635142,1.0764111851324088e-06
-2.8678678678678677,0.00015575530373243334,1.9374364205997627e-07
-2.857857857857858,0.0001557652600420908,1.5912092594464384e-06
-2.847847847847848,0.00015577518196089392,3.2163240554018176e-05
-2.8378378378378377,0.00015578506948442746,1.0831607718055344e-06
-2.827827827827828,0.00015579492260829207,4.5020626701740024e-07
-2.817817817817818,0.00015580474132810332,1.2001675025101853e-06
-2.8078078078078077,0.00015581452563949192,1.5184622576549152e-06
-2.7977977977977977,0.0001558242755381042,5.587558999322646e-07
-2.787787787787788,0.00015583399101960148,2.0195815802045743e-06
-2.7777777777777777,0.0001558436720796605,1.3618622513559391e-06
-2.7677677677677677,0.00015585331871397314,5.472613723938938e-07
-2.757757757757758,0.0001558629309182468,6.832771786705581e-07
-2.7477477477477477,0.0001558725086882036,4.248891402465589e-06
-2.7377377377377377,0.00015588205201958185,3.0388188023422e-06
-2.727727727727728,0.00015589156090813427,6.300761747583016e-08
-2.7177177177177176,0.00015590103534962924,9.91480847452383e-07
-2.7077077077077076,0.00015591047533985053,1.3536258479445196e-06
-2.697697697697698,0.00015591988087459692,1.0311141087990925e-06
-2.687687687687688,0.00015592925194968281,4.140324625551597e-06
-2.6776776776776776,0.00015593858856093753,1.7785259006520364e-06
-2.667667667667668,0.00015594789070420603,8.813354492282253e-07
-2.657657657657658,0.00015595715837534837,1.688885632088784e-07
-2.6476476476476476,0.00015596639157023994,1.8455428175547265e-06
-2.637637637637638,0.00015597559028477146,0.00012159505316356321
-2.627627627627628,0.00015598475451484897,6.115020313520224e-07
-2.6176176176176176,0.00015599388425639377,7.752842430998846e-07
-2.607607607607608,0.00015600297950534253,1.2451297559241445e-06
-2.597597597597598,0.00015601204025764715,1.120098410067408e-06
-2.5875875875875876,0.00015602106650927487,1.5748635126447995e-06
-2.577577577577578,0.00015603005825620838,2.668150521050056e-06
-2.567567567567568,0.00015603901549444548,1.273580551287223e-06
-2.5575575575575575,0.00015604793821999947,2.311297240381454e-07
-2.5475475475475475,0.00015605682642889877,1.006202977844423e-06
-2.537537537537538,0.0001560656801171874,3.746246750417418e-06
-2.5275275275275275,0.00015607449928092438,2.6247406449598024e-06
-2.5175175175175175,0.0001560832839161844,4.926105095220183e-07
-2.507507507507508,0.00015609203401905714,1.1533324365704523e-06
-2.4974974974974975,0.000156100749585648,1.1655978628984336e-06
-2.4874874874874875,0.00015610943061207736,2.577321914789401e-07
-2.477477477477478,0.0001561180770944811,8.484995390229387e-06
-2.4674674674674675,0.00015612668902901042,1.870040636786844e-06
-2.4574574574574575,0.00015613526641183198,6.168658285430683e-07
-2.447447447447448,0.00015614380923912753,5.040339406936151e-07
-2.4374374374374375,0.0001561523175070944,1.9430405180794526e-06
-2.4274274274274275,0.00015616079121194524,1.7235673796831054e-05
-2.417417417417418,0.00015616923034990772,4.2978506898145045e-08
-2.4074074074074074,0.00015617763491722548,1.0566668053623236e-06
-2.3973973973973974,0.000156186004910157,1.1999008628137195e-06
-2.387387387387388,0.00015619434032497622,6.807146430229352e-07
-2.3773773773773774,0.00015620264115797264,2.686742753993672e-06
-2.3673673673673674,0.00015621090740545085,3.251796014590906e-06
-2.357357357357358,0.0001562191390637311,1.0846610578365963e-06
-2.3473473473473474,0.0001562273361291488,1.0436606760156107e-07
-2.3373373373373374,0.00015623549859805475,1.2375201195833468e-06
-2.327327327327328,0.00015624362646681508,3.1256585482957525e-06
-2.3173173173173174,0.00015625171973181155,1.8053317071136706e-06
-2.3073073073073074,0.0001562597783894409,9.269636093912745e-07
-2.2972972972972974,0.00015626780243611555,1.2331605253816887e-06
-2.2872872872872874,0.00015627579186826312,9.03761426761093e-07
-2.2772772772772774,0.00015628374668232682,4.168875707405326e-07
-2.2672672672672673,0.00015629166687476493,1.8774841714582982e-05
-2.2572572572572573,0.0001562995524420516,1.8286714104865533e-06
-2.2472472472472473,0.0001563074033806757,2.996314600238703e-07
-2.2372372372372373,0.00015631521968714196,7.943567475336181e-07
-2.2272272272272273,0.00015632300135797053,1.8969118663502685e-06
-2.2172172172172173,0.00015633074838969667,7.120145136210298e-06
-2.2072072072072073,0.0001563384607788712,6.810401276791623e-07
-2.1971971971971973,0.00015634613852206033,1.2728958110068005e-06
-2.1871871871871873,0.00015635378161584567,1.0689034798580478e-06
-2.1771771771771773,0.00015636139005682404,2.314465417912953e-07
-2.1671671671671673,0.000156368963841608,3.251248629076346e-06
-2.1571571571571573,0.00015637650296682532,3.724770994470318e-06
-2.1471471471471473,0.00015638400742911906,8.015854347559375e-07
-2.1371371371371373,0.000156391477225148,4.287926294324552e-07
-2.1271271271271273,0.000156398912351586,1.3681250827617969e-06
-2.1171171171171173,0.0001564063128051226,2.4333846210461445e-06
-2.1071071071071072,0.00015641367858246254,3.9018108661105315e-07
-2.0970970970970972,0.0001564210096803261,1.3324227818494511e-06
-2.0870870870870872,0.0001564283060954489,1.2242297842687704e-06
-2.0770770770770772,0.00015643556782458207,5.885742007032196e-07
-2.067067067067067,0.00015644279486449214,9.606824204831382e-07
-2.057057057057057,0.000156449987211961,0.0001125133964777312
-2.047047047047047,0.00015645714486378602,1.640259366216729e-06
-2.037037037037037,0.0001564642678167798,5.6003071021791856e-08
-2.027027027027027,0.0001564713560677708,1.0209275817941902e-06
-2.017017017017017,0.00015647840961360238,1.725476888669728e-06
-2.007007007007007,0.00015648542845113388,2.960108730094863e-06
-1.9969969969969972,0.00015649241257723948,1.4585761147117851e-06
-1.986986986986987,0.00015649936198880945,1.4057707662088423e-06
-1.9769769769769772,0.00015650627668274884,8.619773582187833e-07
-1.9669669669669672,0.00015651315665597852,2.0387417612063112e-07
-1.956956956956957,0.00015652000190543485,3.449668999936703e-06
-1.9469469469469471,0.00015652681242806933,4.034202970512481e-06
-1.9369369369369371,0.00015653358822084927,4.372253990914858e-07
-1.926926926926927,0.00015654032928075705,7.254404860819709e-07
-1.9169169169169173,0.00015654703560479075,1.395288390683349e-06
-1.9069069069069071,0.00015655370718996387,1.7109130552567122e-06
-1.896896896896897,0.0001565603440333052,2.174676002214846e-06
-1.8868868868868873,0.0001565669461318593,1.678612332369261e-06
-1.876876876876877,0.0001565735134826857,1.1254035821417174e-06
-1.8668668668668669,0.00015658004608285985,2.4329618884614203e-07
-1.8568568568568573,0.00015658654392947238,1.369268539407324e-06
-1.846846846846847,0.00015659300701962957,3.3619556171156335e-05
-1.8368368368368369,0.00015659943535045298,1.2963212319254248e-06
-1.8268268268268273,0.00015660582891907973,4.1244537098074086e-07
-1.816816816816817,0.0001566121877226623,1.169837535360143e-06
-1.8068068068068068,0.00015661851175836872,1.4513966071792966e-06
-1.7967967967967968,0.0001566248010233825,6.106734964741584e-07
-1.786786786786787,0.0001566310555149027,2.290308607475485e-06
-1.7767767767767768,0.00015663727523014363,1.4415011110256043e-06
-1.7667667667667668,0.00015664346016633512,5.936977345718329e-07
-1.756756756756757,0.0001566496103207227,5.908492313515023e-07
-1.7467467467467468,0.0001566557256905671,3.3803290238692498e-06
-1.7367367367367368,0.0001566618062731446,4.112735105777538e-06
-1.726726726726727,0.00015666785206574707,2.8874722045817984e-08
-1.7167167167167168,0.00015667386306568166,9.725460506333127e-07
-1.7067067067067068,0.00015667983927027126,1.3225543789168936e-06
-1.696696696696697,0.00015668578067685402,9.960669125296805e-07
-1.6866866866866868,0.00015669168728278356,7.524142637828555e-06
-1.6766766766766767,0.00015669755908542918,1.9358517534958016e-06
-1.666666666666667,0.0001567033960821755,9.413217089684064e-07
-1.6566566566566567,0.00015670919827042267,1.1204547149421231e-07
-1.6466466466466467,0.00015671496564758643,1.636206877293858e-06
-1.636636636636637,0.00015672069821109783,1.3894400278477662e-05
-1.626626626626627,0.00015672639595840364,7.94471161995617e-07
-1.6166166166166167,0.00015673205888696567,7.577846492649959e-07
-1.606606606606607,0.0001567376869942618,1.2323537534692479e-06
-1.596596596596597,0.0001567432802777851,1.100662803058184e-06
-1.5865865865865867,0.00015674883873504416,8.979717886103415e-07
-1.576576576576577,0.00015675436236356298,3.1451201473939585e-06
-1.566566566566567,0.00015675985116088127,1.3716463631357716e-06
-1.5565565565565567,0.00015676530512455408,2.8279604547241676e-07
-1.5465465465465469,0.00015677072425215213,9.129002591087238e-07
-1.5365365365365369,0.0001567761085412613,3.1092365834876374e-06
-1.5265265265265267,0.00015678145798948346,3.85793029680161e-06
-1.5165165165165164,0.00015678677259443565,4.5961387455745234e-07
-1.5065065065065069,0.00015679205235375035,1.1523741709032155e-06
-1.4964964964964966,0.00015679729726507583,1.1592898553539338e-06
-1.4864864864864864,0.0001568025073260757,3.2359418946714963e-07
-1.4764764764764768,0.0001568076825344291,2.7903882852512955e-05
-1.4664664664664666,0.00015681282288783086,2.0763764915489766e-06
-1.4564564564564564,0.0001568179283839909,6.822650232360072e-07
-1.4464464464464468,0.00015682299902063508,4.4555103723540884e-07
-1.4364364364364366,0.0001568280347955045,1.7622124217983081e-06
-1.4264264264264264,0.00015683303570635602,7.73238445373516e-06
-1.4164164164164168,0.00015683800175096183,1.4320725338498255e-07
-1.4064064064064066,0.00015684293292710978,1.064111726240822e-06
-1.3963963963963963,0.00015684782923260305,1.2053955051914646e-06
-1.3863863863863868,0.0001568526906652604,7.013639973748619e-07
-1.3763763763763766,0.0001568575172229163,1.8634082929268055e-06
-1.3663663663663663,0.00015686230890342065,3.990101205023215e-06
-1.3563563563563568,0.00015686706570463868,1.1938189146272602e-06
-1.3463463463463465,0.00015687178762445141,5.492962263291994e-08
-1.3363363363363365,0.00015687647466075525,1.1524662399380547e-06
-1.3263263263263267,0.00015688112681146226,2.6886719897376337e-06
-1.3163163163163165,0.0001568857440744998,3.0691595085374715e-06
-1.3063063063063065,0.0001568903264478109,9.38161575386773e-07
-1.2962962962962967,0.0001568948739293544,1.2513858415622077e-06
-1.2862862862862865,0.00015689938651710408,9.199953129973771e-07
-1.2762762762762765,0.00015690386420904974,2.843974103520617e-07
-1.2662662662662663,0.00015690830700319658,6.463304884976018e-05
-1.2562562562562565,0.00015691271489756524,2.0754282794862272e-06
-1.2462462462462465,0.00015691708789019194,3.637494255544552e-07
-1.2362362362362362,0.00015692142597912857,7.410719635124791e-07
-1.2262262262262265,0.00015692572916244245,1.7544873551135347e-06
-1.2162162162162165,0.00015692999743821645,4.410645167047116e-06
-1.2062062062062062,0.00015693423080454896,6.712545615734719e-07
-1.1961961961961964,0.00015693842925955395,1.3081281513404312e-06
-1.1861861861861864,0.0001569425928013609,1.0915899226233541e-06
-1.1761761761761762,0.00015694672142811493,2.826137234339967e-07
-1.1661661661661664,0.00015695081513797661,2.452850225366528e-06
-1.1561561561561564,0.00015695487392912208,4.791892439221889e-06
-1.1461461461461462,0.00015695889779974306,9.12115214832853e-07
-1.1361361361361364,0.00015696288674804684,3.83526267247001e-07
-1.1261261261261264,0.00015696684077225615,1.2983990704675221e-06
-1.1161161161161162,0.00015697075987060934,2.1645086415445114e-06
-1.1061061061061064,0.0001569746440413604,1.2068996935334432e-06
-1.0960960960960964,0.00015697849328277864,1.3978078663149952e-06
-1.0860860860860861,0.00015698230759314926,1.2609878201071795e-06
-1.0760760760760764,0.00015698608697077278,6.233441730494176e-07
-1.066066066066066,0.00015698983141396514,7.921779815003579e-07
-1.0560560560560561,0.0001569935409210584,1.8757370515059992e-05
-1.0460460460460463,0.00015699721549039942,1.9120613448875874e-06
-1.036036036036036,0.00015700085512035126,2.3130224001542263e-08
-1.026026026026026,0.00015700445980929226,9.782420028970747e-07
-1.0160160160160165,0.00015700802955561619,1.626196963716628e-06
-1.0060060060060059,0.00015701156435773264,2.215809287690008e-06
-0.9959959959959961,0.00015701506421406672,1.6121184547909132e-06
-0.9859859859859864,0.00015701852912305907,1.4693855136021285e-06
-0.9759759759759759,0.00015702195908316575,8.991247355092168e-07
-0.9659659659659661,0.00015702535409285853,1.3226804429321743e-07
-0.9559559559559564,0.00015702871415062487,2.7474465774555585e-06
-0.9459459459459458,0.0001570320392549674,5.518236195190194e-06
-0.9359359359359362,0.00015703532940440493,5.372900082355793e-07
-0.9259259259259264,0.00015703858459747118,6.915244946113905e-07
-0.9159159159159158,0.00015704180483271587,1.3457172274033944e-06
-0.9059059059059061,0.00015704499010870413,1.578901409482386e-06
-0.8958958958958964,0.00015704814042401673,4.356102431147575e-06
-0.8858858858858858,0.00015705125577724998,1.8056408738828883e-06
-0.8758758758758761,0.0001570543361670157,1.1781770843108595e-06
-0.8658658658658663,0.00015705738159194142,2.9116459239223756e-07
-0.8558558558558558,0.00015706039205067024,1.1893869167072257e-06
-0.8458458458458461,0.0001570633675418605,1.1146173884677207e-05
-0.8358358358358363,0.00015706630806418674,1.5695276756198334e-06
-0.8258258258258258,0.00015706921361633856,3.7231669829814816e-07
-0.8158158158158161,0.00015707208419702117,1.1418341526617856e-06
-0.8058058058058063,0.00015707491980495558,1.395698719611587e-06
-0.7957957957957957,0.0001570777204388784,6.394643942916439e-07
-0.7857857857857861,0.00015708048609754162,2.6795937165488966e-06
-0.7757757757757764,0.00015708321677971286,1.5314547603644964e-06
-0.7657657657657657,0.00015708591248417552,6.412160445308915e-07
-0.755755755755756,0.00015708857320972827,5.080335964988356e-07
-0.7457457457457464,0.00015709119895518543,2.8028680368229988e-06
-0.7357357357357357,0.00015709378971937724,6.13954741171023e-06
-0.725725725725726,0.00015709634550114916,9.002683510436528e-08
-0.7157157157157163,0.00015709886629936232,9.543557939961401e-07
-0.7057057057057057,0.0001571013521128935,1.2956091047784247e-06
-0.695695695695696,0.000157103802940635,9.709983230855769e-07
-0.6856856856856863,0.0001571062187814947,0.00015178310101200885
-0.6756756756756757,0.00015710859963439624,2.128345184892006e-06
-0.665665665665666,0.0001571109454982786,1.0058122784890224e-06
-0.6556556556556563,0.0001571132563720965,5.869993418544483e-08
-0.6456456456456457,0.00015711553225482012,1.4639119779333147e-06
-0.635635635635636,0.00015711777314543547,7.502490466901279e-06
-0.6256256256256254,0.000157119979042944,1.0350769276200005e-06
-0.6156156156156157,0.00015712214994636258,7.397234067171641e-07
-0.605605605605606,0.00015712428585472395,1.2215727881199645e-06
-0.5955955955955954,0.0001571263867670763,1.0854857404895664e-06
-0.5855855855855857,0.00015712845268248357,5.317671234718589e-07
-0.5755755755755759,0.00015713048360002497,3.8681370940645096e-06
-0.5655655655655654,0.00015713247951879567,1.483013634797932e-06
-0.5555555555555557,0.00015713444043790613,3.3546211380782094e-07
-0.5455455455455459,0.00015713636635648263,8.289987378958902e-07
-0.5355355355355353,0.000157138257273667,2.663896157820005e-06
-0.5255255255255257,0.0001571401131886164,6.630585126856752e-06
-0.5155155155155159,0.00015714193410050419,4.2160422344837566e-07
-0.5055055055055053,0.0001571437200085185,1.1529465467947368e-06
-0.49549549549549565,0.0001571454709118638,1.1551784325641213e-06
-0.4854854854854859,0.00015714718680975983,3.770389237883481e-07
-0.47547547547547536,0.00015714886770144178,1.880983893317425e-05
-0.46546546546546563,0.00015715051358616077,2.3331672777201387e-06
-0.4554554554554559,0.00015715212446318336,7.52602580996642e-07
-0.44544544544544534,0.0001571537003317916,3.895491568024471e-07
-0.4354354354354356,0.0001571552411912834,1.6114378770384509e-06
-0.4254254254254259,0.00015715674704097195,5.105073280278248e-06
-0.4154154154154153,0.00015715821788018637,3.0112236653921317e-07
-0.4054054054054056,0.00015715965370827109,1.0735416001488128e-06
-0.39539539539539587,0.00015716105452458638,1.212609771826651e-06
-0.3853853853853853,0.00015716242032850778,7.209696186778331e-07
-0.3753753753753756,0.00015716375111942706,1.368035048053883e-06
-0.3653653653653659,0.00015716504689675082,5.1898242203357275e-06
-0.3553553553553553,0.00015716630765990185,1.3186841856748393e-06
-0.34534534534534556,0.000157167533408318,2.088603961683508e-08
-0.3353353353353359,0.00015716872414145344,1.0757734010458536e-06
-0.32532532532532527,0.00015716987985877736,2.37100627366172e-06
-0.31531531531531554,0.00015717100055977475,6.97325957975768e-06
-0.30530530530530586,0.00015717208624394614,9.523947545961936e-07
-0.29529529529529525,0.00015717313691080779,1.2720665408365298e-06
-0.2852852852852856,0.00015717415255989145,9.368566149592724e-07
-0.27527527527527584,0.00015717513319074452,1.775501778010761e-07
-0.2652652652652653,0.00015717607880292992,1.1458454673758697e-05
-0.25525525525525555,0.00015717698939602656,2.3887508287044106e-06
-0.24524524524524582,0.00015717786496962825,4.328354557819395e-07
-0.23523523523523523,0.0001571787055233451,6.901989417724516e-07
-0.22522522522522553,0.00015717951105680245,1.634498903942528e-06
-0.2152152152152158,0.00015718028156964128,3.292697037780456e-06
-0.20520520520520524,0.00015718101706151813,6.580763058325526e-07
-0.19519519519519551,0.0001571817175321054,1.34859264059657e-06
-0.18518518518518579,0.0001571823829810909,1.1158401686725774e-06
-0.17517517517517522,0.00015718301340817805,3.292749989675187e-07
-0.1651651651651655,0.00015718360881308605,1.9349251976218117e-06
-0.1551551551551558,0.00015718416919554922,6.7009942736366805e-06
-0.1451451451451452,0.0001571846945553183,1.0396095764119998e-06
-0.13513513513513548,0.0001571851848921588,3.37775698556181e-07
-0.12512512512512491,0.00015718564020585237,1.2355116032632487e-06
-0.11511511511511519,0.00015718606049619605,1.9630311855462922e-06
-0.10510510510510548,0.0001571864457630025,7.19834124694414e-06
-0.0950950950950949,0.0001571867960061003,1.4778978290038141e-06
-0.08508508508508518,0.000157187111225333,1.301251757911733e-06
-0.07507507507507546,0.00015718739142056034,6.575743464823901e-07
-0.06506506506506488,0.00015718763659165736,6.537856387570766e-07
-0.05505505505505517,0.00015718784673851493,8.58173302597676e-06
-0.04504504504504545,0.00015718802186103937,2.265471300623078e-06
-0.03503503503503487,0.00015718816195915242,6.862251935393094e-08
-0.025025025025025155,0.00015718826703279196,9.377743473444705e-07
-0.01501501501501544,0.0001571883370819109,1.5420174950168973e-06
-0.0050050050050048575,0.00015718837210647814,1.8398412603278417e-06
0.0050050050050048575,0.00015718837210647814,1.8398314764530256e-06
0.015015015015014573,0.0001571883370819109,1.5420166665120851e-06
0.025025025025025155,0.00015718826703279196,9.377764581446239e-07
0.03503503503503487,0.00015718816195915242,6.861902488704356e-08
0.045045045045044585,0.00015718802186103935,2.2654669413855004e-06
0.05505505505505517,0.00015718784673851493,8.581741217648434e-06
0.06506506506506488,0.00015718763659165736,6.537901741781277e-07
0.0750750750750746,0.00015718739142056028,6.575714694128844e-07
0.08508508508508518,0.000157187111225333,1.3012513561826538e-06
0.0950950950950949,0.0001571867960061003,1.4779017783938692e-06
0.10510510510510461,0.00015718644576300251,7.1981976307938715e-06
0.11511511511511519,0.00015718606049619605,1.963028259337499e-06
0.12512512512512491,0.00015718564020585237,1.2355129446492518e-06
0.13513513513513462,0.00015718518489215885,3.37778901958012e-07
0.1451451451451452,0.0001571846945553183,1.0396058544522013e-06
0.15515515515515493,0.00015718416919554925,6.700993126366973e-06
0.16516516516516463,0.00015718360881308605,1.9349316375670117e-06
0.17517517517517522,0.00015718301340817805,3.292712799808983e-07
0.18518518518518493,0.00015718238298109092,1.1158387915276174e-06
0.19519519519519465,0.0001571817175321054,1.3485944851497443e-06
0.20520520520520524,0.00015718101706151813,6.580856547733339e-07
0.21521521521521494,0.00015718028156964123,3.2926874780126843e-06
0.22522522522522465,0.00015717951105680237,1.6344992354363355e-06
0.23523523523523523,0.0001571787055233451,6.902016558421091e-07
0.24524524524524496,0.00015717786496962827,4.328319702940808e-07
0.25525525525525466,0.00015717698939602653,2.388748478783836e-06
0.2652652652652653,0.00015717607880292992,1.1458476661845543e-05
0.27527527527527496,0.00015717513319074447,1.7755524524478997e-07
0.2852852852852847,0.00015717415255989137,9.368542983641895e-07
0.29529529529529525,0.00015717313691080779,1.2720670751698767e-06
0.305305305305305,0.00015717208624394603,9.523993777692635e-07
0.3153153153153147,0.00015717100055977478,6.973214883584533e-06
0.32532532532532527,0.00015716987985877736,2.3710047637788174e-06
0.335335335335335,0.00015716872414145346,1.0757756410975382e-06
0.3453453453453447,0.0001571675334083181,2.0885834052911223e-08
0.3553553553553553,0.00015716630765990185,1.3186814648671484e-06
0.365365365365365,0.00015716504689675082,5.189827311590568e-06
0.37537537537537474,0.000157163751119427,1.3680435433068196e-06
0.3853853853853853,0.00015716242032850778,7.209661656573048e-07
0.39539539539539503,0.0001571610545245863,1.2126092564104427e-06
0.4054054054054056,0.00015715965370827109,1.073544237514813e-06
0.4154154154154153,0.00015715821788018637,3.0111404091520853e-07
0.42542542542542505,0.00015715674704097193,5.105065112058196e-06
0.4354354354354356,0.0001571552411912834,1.61143942695865e-06
0.44544544544544534,0.0001571537003317916,3.895522798756808e-07
0.45545545545545507,0.00015715212446318336,7.525996055610193e-07
0.46546546546546563,0.00015715051358616077,2.3331667872389898e-06
0.47547547547547536,0.00015714886770144178,1.8809903637844943e-05
0.48548548548548504,0.0001571471868097598,3.770335607941808e-07
0.49549549549549565,0.0001571454709118638,1.1551768671467002e-06
0.5055055055055053,0.0001571437200085185,1.1529479507206106e-06
0.5155155155155151,0.00015714193410050416,4.2160908308171563e-07
0.5255255255255257,0.0001571401131886164,6.630562539419359e-06
0.5355355355355353,0.000157138257273667,2.663896435022404e-06
0.5455455455455451,0.0001571363663564827,8.29001734263923e-07
0.5555555555555557,0.00015713444043790613,3.354589850819015e-07
0.5655655655655654,0.00015713247951879567,1.483012022160829e-06
0.5755755755755751,0.000157130483600025,3.868142791008966e-06
0.5855855855855857,0.00015712845268248357,5.317773443642479e-07
0.5955955955955954,0.0001571263867670763,1.0854828389081468e-06
0.6056056056056051,0.00015712428585472395,1.2215731705454053e-06
0.6156156156156157,0.00015712214994636258,7.397266182766052e-07
0.6256256256256254,0.000157119979042944,1.035069772804848e-06
0.6356356356356351,0.0001571177731454355,7.502485400926647e-06
0.6456456456456457,0.00015711553225482012,1.463914747421352e-06
0.6556556556556554,0.00015711325637209647,5.8703046427691546e-08
0.6656656656656651,0.00015711094549827862,1.0058100086500902e-06
0.6756756756756757,0.00015710859963439624,2.1283462995148948e-06
0.6856856856856854,0.00015710621878149478,0.00015178303901724338
0.6956956956956951,0.00015710380294063495,9.709931038211186e-07
0.7057057057057057,0.0001571013521128935,1.2956084127977248e-06
0.7157157157157155,0.00015709886629936232,9.543579733480196e-07
0.7257257257257251,0.00015709634550114922,9.002237089218906e-08
0.7357357357357357,0.00015709378971937724,6.1395352710426735e-06
0.7457457457457455,0.00015709119895518543,2.802870458832786e-06
0.7557557557557552,0.00015708857320972827,5.080371798414359e-07
0.7657657657657657,0.00015708591248417552,6.412132787181858e-07
0.7757757757757755,0.00015708321677971291,1.5314542788824472e-06
0.7857857857857852,0.00015708048609754162,2.6796009001789345e-06
0.7957957957957957,0.0001570777204388784,6.394525539854647e-07
0.8058058058058055,0.00015707491980495558,1.3956965949149198e-06
0.8158158158158152,0.00015707208419702117,1.1418354236929194e-06
0.8258258258258258,0.00015706921361633856,3.7232022022665267e-07
0.8358358358358355,0.00015706630806418669,1.569522000366212e-06
0.8458458458458452,0.00015706336754186054,1.1146175388132455e-05
0.8558558558558558,0.00015706039205067024,1.1893908200817234e-06
0.8658658658658656,0.00015705738159194142,2.9116129155130494e-07
0.8758758758758752,0.00015705433616701572,1.1781756248463383e-06
0.8858858858858858,0.00015705125577724998,1.805643308113676e-06
0.8958958958958955,0.00015704814042401673,4.356164116716597e-06
0.9059059059059061,0.00015704499010870413,1.5788968230621898e-06
0.9159159159159158,0.00015704180483271587,1.345717492676631e-06
0.9259259259259255,0.0001570385845974712,6.915272474178875e-07
0.9359359359359362,0.00015703532940440493,5.372857546236658e-07
0.9459459459459458,0.0001570320392549674,5.51823054018021e-06
0.9559559559559555,0.00015702871415062487,2.7474514210795832e-06
0.9659659659659661,0.00015702535409285853,1.3227185547047864e-07
0.9759759759759759,0.00015702195908316575,8.991225346653411e-07
0.9859859859859855,0.00015701852912305907,1.4693861406938705e-06
0.9959959959959961,0.00015701506421406672,1.612126183610585e-06
1.0060060060060059,0.00015701156435773264,2.215796167208491e-06
1.0160160160160157,0.00015700802955561619,1.6261959049051351e-06
1.026026026026026,0.00015700445980929226,9.78244021031428e-07
1.036036036036036,0.00015700085512035126,2.3129568656259482e-08
1.0460460460460457,0.00015699721549039942,1.912057306034205e-06
1.0560560560560561,0.0001569935409210584,1.8757389423009895e-05
1.066066066066066,0.00015698983141396514,7.92182845866693e-07
1.0760760760760757,0.00015698608697077278,6.233411594199131e-07
1.0860860860860861,0.00015698230759314926,1.2609872894913029e-06
1.096096096096096,0.00015697849328277867,1.3978112903892992e-06
1.1061061061061057,0.00015697464404136038,1.2068665490503668e-06
1.1161161161161162,0.00015697075987060934,2.164505100582773e-06
1.126126126126126,0.0001569668407722562,1.2984003321431745e-06
1.1361361361361355,0.00015696288674804678,3.8352939034319573e-07
1.1461461461461462,0.00015695889779974306,9.121116511428354e-07
1.156156156156156,0.00015695487392912208,4.791891271030602e-06
1.1661661661661655,0.0001569508151379766,2.4528577611251362e-06
1.1761761761761762,0.00015694672142811493,2.826097932904315e-07
1.186186186186186,0.00015694259280136084,1.0915884379833423e-06
1.1961961961961955,0.00015693842925955395,1.308129783172939e-06
1.2062062062062062,0.00015693423080454896,6.71262253307333e-07
1.216216216216216,0.00015692999743821645,4.410631425462885e-06
1.2262262262262256,0.00015692572916244243,1.754487508082311e-06
1.2362362362362362,0.00015692142597912857,7.410746229581542e-07
1.246246246246246,0.00015691708789019194,3.637460441279999e-07
1.2562562562562556,0.0001569127148975652,2.0754259480058278e-06
1.2662662662662663,0.00015690830700319658,6.463322919922334e-05
1.276276276276276,0.0001569038642090497,2.8440298623497553e-07
1.2862862862862856,0.00015689938651710408,9.199928509540508e-07
1.2962962962962963,0.0001568948739293544,1.2513862302072205e-06
1.306306306306306,0.00015689032644781092,9.381656943654546e-07
1.3163163163163156,0.0001568857440744998,3.0691379386461207e-06
1.3263263263263263,0.0001568811268114622,2.688669953426794e-06
1.336336336336336,0.00015687647466075522,1.1524684184301966e-06
1.3463463463463456,0.00015687178762445144,5.4932639594089123e-08
1.3563563563563563,0.0001568670657046387,1.1938162197020346e-06
1.366366366366366,0.00015686230890342068,3.9901031948925505e-06
1.3763763763763757,0.00015685751722291632,1.8634186450140544e-06
1.3863863863863863,0.0001568526906652604,7.013603049974505e-07
1.396396396396396,0.00015684782923260302,1.2053948491477496e-06
1.4064064064064066,0.00015684293292710978,1.064114122357305e-06
1.4164164164164164,0.00015683800175096183,1.4320043932557195e-07
1.426426426426426,0.00015683303570635608,7.73237139222618e-06
1.4364364364364366,0.0001568280347955045,1.7622138995920449e-06
1.4464464464464464,0.00015682299902063503,4.455541661598803e-07
1.456456456456456,0.0001568179283839909,6.822620654198198e-07
1.4664664664664666,0.00015681282288783086,2.0763758319211647e-06
1.4764764764764764,0.00015680768253442914,2.7903940186541797e-05
1.486486486486486,0.0001568025073260757,3.235882772509669e-07
1.4964964964964966,0.00015679729726507583,1.159288121760818e-06
1.5065065065065064,0.00015679205235375035,1.152375409221707e-06
1.516516516516516,0.0001567867725944356,4.5961828187585366e-07
1.5265265265265267,0.00015678145798948346,3.8579163092208805e-06
1.5365365365365364,0.0001567761085412613,3.109236498741825e-06
1.546546546546546,0.00015677072425215207,9.129032890250843e-07
1.5565565565565567,0.00015676530512455408,2.8279291447816126e-07
1.5665665665665665,0.00015675985116088125,1.3716446813575264e-06
1.576576576576576,0.00015675436236356293,3.1451243531371998e-06
1.5865865865865867,0.00015674883873504416,8.979849371904599e-07
1.5965965965965965,0.0001567432802777851,1.1006595636301235e-06
1.606606606606606,0.0001567376869942618,1.2323540076997157e-06
1.6166166166166167,0.00015673205888696567,7.57787637721469e-07
1.6266266266266265,0.00015672639595840356,7.944648096492944e-07
1.636636636636636,0.00015672069821109786,1.3894390806226567e-05
1.6466466466466467,0.00015671496564758643,1.6362097035471706e-06
1.6566566566566565,0.00015670919827042267,1.1204882858978467e-07
1.666666666666666,0.0001567033960821755,9.413193714836513e-07
1.6766766766766767,0.00015669755908542918,1.9358525487491593e-06
1.6866866866866865,0.00015669168728278354,7.524177410393643e-06
1.696696696696696,0.00015668578067685397,9.96060975137914e-07
1.7067067067067068,0.00015667983927027126,1.3225535212123136e-06
1.7167167167167163,0.00015667386306568172,9.725480348011324e-07
1.7267267267267261,0.00015666785206574707,2.887340848731778e-08
1.7367367367367368,0.0001566618062731446,4.112726448899647e-06
1.7467467467467463,0.0001566557256905671,3.3803316136799077e-06
1.7567567567567561,0.00015664961032072267,5.908529234305238e-07
1.7667667667667668,0.00015664346016633512,5.936949199753748e-07
1.7767767767767764,0.00015663727523014363,1.4415004731564311e-06
1.7867867867867862,0.0001566310555149027,2.290314219648393e-06
1.7967967967967968,0.0001566248010233825,6.106574387916461e-07
1.8068068068068064,0.00015661851175836867,1.451394187014603e-06
1.8168168168168162,0.00015661218772266227,1.1698386411282491e-06
1.8268268268268268,0.00015660582891907973,4.124487318912274e-07
1.8368368368368364,0.000156599435350453,1.2963161371919971e-06
1.8468468468468462,0.00015659300701962957,3.361956978480681e-05
1.8568568568568569,0.00015658654392947243,1.3692726835531327e-06
1.8668668668668664,0.00015658004608285988,2.4329282800704773e-07
1.8768768768768762,0.0001565735134826857,1.125402079043518e-06
1.8868868868868869,0.0001565669461318593,1.6786143476532968e-06
1.8968968968968964,0.0001565603440333052,2.1747010864400256e-06
1.9069069069069062,0.00015655370718996385,1.7109076650129657e-06
1.916916916916917,0.00015654703560479075,1.3952885599627363e-06
1.9269269269269265,0.000156540329280757,7.254431415198857e-07
1.9369369369369371,0.00015653358822084927,4.372213935267775e-07
1.946946946946947,0.00015652681242806938,4.034198530667748e-06
1.9569569569569565,0.0001565200019054348,3.449674573792756e-06
1.9669669669669672,0.00015651315665597852,2.0387819237421813e-07
1.9769769769769767,0.00015650627668274878,8.619750814360575e-07
1.9869869869869865,0.00015649936198880945,1.405771174197897e-06
1.9969969969969972,0.00015649241257723948,1.4585824366789074e-06
2.0070070070070067,0.00015648542845113383,2.9600890082982998e-06
2.0170170170170167,0.00015647840961360238,1.725475556518737e-06
2.027027027027027,0.0001564713560677708,1.0209295046153795e-06
2.0370370370370368,0.00015646426781677983,5.6006275548878737e-08
2.0470470470470468,0.00015645714486378596,1.6402556748480472e-06
2.057057057057057,0.000156449987211961,0.00011251324240628013
2.0670670670670668,0.00015644279486449214,9.60687698091937e-07
2.077077077077077,0.00015643556782458207,5.885710527413538e-07
2.0870870870870872,0.0001564283060954489,1.2242291317947098e-06
2.097097097097097,0.00015642100968032608,1.3324258465610146e-06
2.107107107107107,0.00015641367858246257,3.9016299834688833e-07
2.1171171171171173,0.0001564063128051226,2.4333802813523032e-06
2.127127127127127,0.00015639891235158602,1.368126237038912e-06
2.137137137137137,0.000156391477225148,4.287956942884736e-07
2.1471471471471473,0.00015638400742911906,8.015820132099669e-07
2.157157157157157,0.0001563765029668253,3.7247697191423797e-06
2.1671671671671664,0.00015636896384160803,3.2512578023469105e-06
2.1771771771771773,0.00015636139005682404,2.314423848546446e-07
2.187187187187187,0.0001563537816158456,1.0689018587154803e-06
2.1971971971971964,0.00015634613852206036,1.2728971614056558e-06
2.2072072072072073,0.0001563384607788712,6.810466262209383e-07
2.217217217217217,0.0001563307483896966,7.120121525040387e-06
2.2272272272272264,0.0001563230013579706,1.8969117411005796e-06
2.2372372372372373,0.00015631521968714196,7.943593495773694e-07
2.247247247247247,0.0001563074033806757,2.9962816378182554e-07
2.2572572572572565,0.00015629955244205157,1.828669171531496e-06
2.2672672672672673,0.00015629166687476493,1.8774860994712795e-05
2.277277277277277,0.00015628374668232684,4.16893720824444e-07
2.2872872872872865,0.00015627579186826312,9.037587594662911e-07
2.2972972972972974,0.00015626780243611555,1.2331607651454684e-06
2.307307307307307,0.00015625977838944094,9.269672957678777e-07
2.3173173173173165,0.0001562517197318115,1.8053174209743841e-06
2.3273273273273274,0.00015624362646681508,3.1256558457340974e-06
2.337337337337337,0.00015623549859805475,1.2375222926038913e-06
2.3473473473473465,0.00015622733612914884,1.0436928505947352e-07
2.3573573573573574,0.00015621913906373113,1.084658439905831e-06
2.367367367367367,0.00015621090740545085,3.2517971919929035e-06
2.3773773773773765,0.00015620264115797256,2.686756237218397e-06
2.3873873873873874,0.00015619434032497628,6.807105919403824e-07
2.397397397397397,0.00015618600491015694,1.199900070532353e-06
2.4074074074074066,0.00015617763491722548,1.0566689900275541e-06
2.4174174174174174,0.00015616923034990777,4.2975977000719624e-08
2.427427427427427,0.0001561607912119452,1.7235645366293456e-05
2.4374374374374375,0.0001561523175070944,1.9430419132959997e-06
2.4474474474474475,0.00015614380923912756,5.040371072435985e-07
2.457457457457457,0.00015613526641183198,6.168628948599974e-07
2.4674674674674675,0.00015612668902901042,1.870039840741603e-06
2.4774774774774775,0.00015611807709448112,8.485014880359148e-06
2.487487487487487,0.0001561094306120773,2.5772549777446905e-07
2.4974974974974975,0.000156100749585648,1.1655959532096916e-06
2.5075075075075075,0.0001560920340190571,1.1533335098276015e-06
2.517517517517517,0.00015608328391618432,4.92614554351333e-07
2.5275275275275275,0.00015607449928092438,2.6247303874653703e-06
2.5375375375375375,0.00015606568011718736,3.7462463920650855e-06
2.547547547547547,0.0001560568264288988,1.006206002133598e-06
2.5575575575575575,0.00015604793821999947,2.3112659508740683e-07
2.5675675675675675,0.0001560390154944455,1.273578773762785e-06
2.577577577577577,0.0001560300582562084,2.6681536422710305e-06
2.5875875875875876,0.00015602106650927487,1.5748820620664488e-06
2.5975975975975976,0.00015601204025764712,1.1200948832685351e-06
2.607607607607607,0.00015600297950534256,1.2451297777736382e-06
2.6176176176176176,0.00015599388425639377,7.752870232162345e-07
2.6276276276276276,0.00015598475451484894,6.114964343893828e-07
2.637637637637637,0.00015597559028477143,0.00012159519510113625
2.6476476476476476,0.00015596639157023994,1.845545714070533e-06
2.6576576576576576,0.00015595715837534837,1.6889204607401502e-07
2.667667667667667,0.00015594789070420603,8.813331307365891e-07
2.6776776776776776,0.00015593858856093753,1.7785264318919166e-06
2.6876876876876876,0.00015592925194968284,4.140342320585377e-06
2.697697697697697,0.00015591988087459692,1.0311072984518618e-06
2.7077077077077076,0.00015591047533985053,1.353624815167446e-06
2.7177177177177176,0.00015590103534962927,9.914827540014288e-07
2.727727727727727,0.0001558915609081343,6.301134697765242e-08
2.7377377377377377,0.00015588205201958185,3.0388119456024954e-06
2.7477477477477477,0.00015587250868820366,4.248894153805718e-06
2.7577577577577572,0.00015586293091824683,6.83280974598565e-07
2.7677677677677677,0.00015585331871397314,5.472585120968765e-07
2.7777777777777772,0.00015584367207966052,1.361861473976827e-06
2.7877877877877872,0.0001558339910196015,2.0195861227688793e-06
2.7977977977977977,0.0001558242755381042,5.58731227992309e-07
2.8078078078078073,0.00015581452563949192,1.5184595426108911e-06
2.817817817817818,0.00015580474132810332,1.200168495453668e-06
2.8278278278278277,0.0001557949226082921,4.5020935033214685e-07
2.8378378378378373,0.0001557850694844275,1.0831561508896068e-06
2.8478478478478473,0.00015577518196089387,3.216321392199188e-05
2.857857857857857,0.00015576526004209076,1.591213765184155e-06
2.867867867867868,0.00015575530373243332,1.9374010623365002e-07
2.877877877877878,0.00015574531303635142,1.076409588362117e-06
2.8878878878878878,0.00015573528795829067,1.5733335137601745e-06
2.8978978978978973,0.00015572522850271158,1.6161761887990956e-06
2.9079079079079073,0.0001557151346740902,1.8915648668735826e-06
2.917917917917917,0.0001557050064769176,1.4511654386883305e-06
2.927927927927928,0.00015569484391570018,7.595887316389144e-07
2.9379379379379382,0.00015568464699495962,3.4982678154274115e-07
2.947947947947948,0.0001556744157192327,3.1540423174702e-06
2.9579579579579574,0.00015566415009307164,4.578294292120331e-06
2.9679679679679674,0.00015565385012104372,2.8441127338558867e-07
2.977977977977977,0.00015564351580773158,8.260018531553261e-07
2.9879879879879883,0.00015563314715773293,1.3493237778756558e-06
2.9979979979979983,0.00015562274417566083,1.3472761031926517e-06
3.008008008008008,0.00015561230686614357,5.147280608877844e-06
3.0180180180180174,0.00015560183523382462,1.8449799681451138e-06
3.0280280280280274,0.00015559132928336258,1.0663356598547693e-06
3.038038038038037,0.00015558078901943136,1.0597311585605055e-07
3.0480480480480483,0.0001555702144467202,1.423513474715118e-06
3.0580580580580583,0.00015555960556993333,1.4180888808110054e-05
3.068068068068068,0.00015554896239379032,1.172288821069877e-06
3.0780780780780774,0.0001555382849230258,5.529896106310099e-07
3.0880880880880874,0.00015552757316238987,1.19044004269359e-06
3.098098098098097,0.00015551682711664752,1.2777365013042729e-06
3.1081081081081083,0.00015550604679057925,9.461327797566454e-08
3.1181181181181183,0.0001554952321889804,2.8126436171489297e-06
3.128128128128128,0.0001554843833166618,1.4463785775607108e-06
3.1381381381381375,0.00015547350017844935,4.7390680723778703e-07
3.1481481481481475,0.00015546258277918413,7.042730666103545e-07
3.158158158158157,0.0001554516311237224,3.039603142575142e-06
3.1681681681681684,0.00015544064521693564,4.6573241013229935e-06
3.1781781781781784,0.00015542962506371049,1.7463990628142798e-07
3.188188188188188,0.00015541857066894872,1.0476480894447941e-06
3.1981981981981975,0.00015540748203756737,1.2418559870414852e-06
3.2082082082082075,0.00015539635917449852,6.884765461193025e-07
3.218218218218219,0.00015538520208468955,2.3500909836721848e-05
3.2282282282282284,0.00015537401077310296,2.069885864627866e-06
3.2382382382382384,0.00015536278524471632,8.506669111109047e-07
3.248248248248248,0.00015535152550452244,2.395725177993282e-07
3.2582582582582575,0.00015534023155752935,1.628181676834514e-06
3.2682682682682676,0.00015532890340876011,8.361859989303538e-06
3.278278278278279,0.00015531754106325302,5.8670349169766e-07
3.2882882882882885,0.00015530614452606133,8.881651121967494e-07
3.2982982982982985,0.00015529471380225384,1.2170939838873954e-06
3.308308308308308,0.00015528324889691416,9.179152951187796e-07
3.3183183183183176,0.00015527174981514103,1.1780532104383276e-06
3.3283283283283276,0.0001552602165620485,3.769433156065764e-06
3.338338338338339,0.00015524864914276564,1.333114682946985e-06
3.3483483483483485,0.0001552370475624367,1.546954192033121e-07
3.358358358358358,0.000155225411826221,9.878596581542668e-07
3.368368368368368,0.00015521374193929314,2.7488357923113465e-06
3.3783783783783776,0.00015520203790684266,4.346009724448809e-06
3.3883883883883876,0.00015519029973407424,6.587704898997597e-07
3.398398398398399,0.00015517852742620783,1.196173903627603e-06
3.4084084084084085,0.00015516672098847827,1.0508401114200454e-06
3.418418418418418,0.00015515488042613574,8.171989250098466e-08
3.428428428428428,0.00015514300574444534,5.257762091085692e-05
3.4384384384384377,0.0001551310969486873,2.1655711454618743e-06
3.4484484484484472,0.00015511915404415707,5.656883393220798e-07
3.458458458458459,0.00015510717703616516,5.555241762692506e-07
3.4684684684684686,0.00015509516593003713,1.6996474481109774e-06
3.478478478478478,0.0001550831207311136,5.14815262838745e-06
3.488488488488488,0.00015507104144475028,1.7420136347636607e-07
3.4984984984984977,0.0001550589280763182,1.1745406800475284e-06
3.5085085085085073,0.00015504678063120312,1.1557412806213516e-06
3.518518518518519,0.00015503459911480604,5.216790406903141e-07
3.5285285285285286,0.00015502238353254312,1.9244964649786524e-06
3.538538538538538,0.00015501013388984558,4.740775367324599e-06
3.548548548548548,0.0001549978501921594,1.1114564076609676e-06
3.5585585585585577,0.0001549855324449462,1.8011891473159726e-07
3.5685685685685673,0.00015497318065368213,1.186089075977745e-06
3.578578578578579,0.00015496079482385866,2.327868296460885e-06
3.5885885885885886,0.00015494837496098237,3.2777292189778693e-06
3.598598598598598,0.0001549359210705746,1.1452588234062917e-06
3.608608608608608,0.00015492343315817213,1.2601334778243833e-06
3.6186186186186178,0.0001549109112293266,7.923333656561607e-07
3.6286286286286273,0.00015489835528960467,4.6699395861269825e-07
3.638638638638639,0.00015488576534458792,1.708977109089405e-05
3.6486486486486487,0.0001548731413998734,2.107474179103299e-06
3.6586586586586582,0.00015486048346107273,2.2903213211964127e-07
3.6686686686686683,0.00015484779153381286,8.250631715889448e-07
3.678678678678678,0.00015483506562373554,1.6467835739399182e-06
3.6886886886886874,0.00015482230573649793,2.9698747245384304e-06
3.698698698698699,0.00015480951187777175,1.082462567227957e-06
3.7087087087087087,0.000154796684053244,1.3897922501001558e-06
3.7187187187187183,0.00015478382226861672,1.011353830190687e-06
3.7287287287287283,0.00015477092652960682,1.1829375319145693e-07
3.738738738738738,0.00015475799684194636,2.3705587418410973e-06
3.748748748748749,0.0001547450332113824,5.7163597915384e-06
3.758758758758759,0.00015473203564367682,7.880450989748916e-07
3.7687687687687688,0.0001547190041446068,5.015334131744933e-07
3.7787787787787783,0.00015470593871996425,1.2904802807774469e-06
3.7887887887887883,0.00015469283937555629,1.819097962316113e-06
3.798798798798798,0.00015467970611720476,4.879613057017628e-07
3.8088088088088092,0.00015466653895074688,1.6009550978165945e-06
3.8188188188188192,0.00015465333788203456,1.2332797149664523e-06
3.828828828828829,0.0001546401029169347,4.860601113548468e-07
3.8388388388388384,0.00015462683406132925,9.113342935369029e-07
3.8488488488488484,0.0001546135313211153,1.0727777628498899e-05
3.858858858858858,0.00015460019470220465,1.874478707821529e-06
3.8688688688688693,0.00015458682421052414,1.420723911413118e-07
3.8788788788788793,0.00015457341985201567,1.030617173287217e-06
3.888888888888889,0.00015455998163263612,1.484134669518069e-06
3.8988988988988984,0.0001545465095583571,1.3578977738878644e-06
3.9089089089089084,0.00015453300363516543,2.1546202753908198e-06
3.918918918918918,0.00015451946386906275,1.5149392747896177e-06
3.9289289289289293,0.00015450589026606566,7.942357615389159e-07
3.938938938938939,0.00015449228283220584,2.7242348311859137e-07
3.948948948948949,0.00015447864157352973,2.5685194546560072e-06
3.9589589589589584,0.00015446496649609888,6.713711985502658e-06
3.9689689689689684,0.00015445125760598957,3.7622953302775476e-07
3.978978978978978,0.00015443751490929323,7.910203360257923e-07
3.9889889889889893,0.00015442373841211603,1.2986684044567474e-06
3.998998998998999,0.00015440992812057927,1.2621971813455484e-06
4.0090090090090085,0.00015439608404081893,0.00015231027769475888
4.0190190190190185,0.00015438220617898616,1.9923877409368906e-06
4.0290290290290285,0.00015436829454124686,1.1150627317430755e-06
4.039039039039038,0.0001543543491337819,1.546269529259351e-07
4.049049049049049,0.00015434036996278707,1.2457078633841665e-06
4.059059059059059,0.00015432635703447302,7.575671577037085e-06
4.0690690690690685,0.00015431231035506536,1.44875165293733e-06
4.0790790790790785,0.00015429822993080457,5.162671752704451e-07
4.0890890890890885,0.00015428411576794599,1.159167908999917e-06
4.099099099099098,0.0001542699678727599,1.2310324644119561e-06
4.109109109109109,0.00015425578625153153,1.415437006157558e-07
4.119119119119119,0.00015424157091056085,3.3912525509914348e-06
4.1291291291291286,0.00015422732185616281,1.5354450676517117e-06
4.139139139139139,0.0001542130390946673,5.192268819273153e-07
4.149149149149149,0.00015419872263241889,6.174629987651605e-07
4.159159159159158,0.00015418437247577708,2.5598776407392146e-06
4.1691691691691695,0.00015416998863111646,7.832394802819701e-06
4.1791791791791795,0.00015415557110482625,1.1107184946752502e-07
4.189189189189189,0.00015414111990331056,1.0277239539355044e-06
4.199199199199199,0.00015412663503298847,1.2142318330540616e-06
4.209209209209209,0.00015411211650029363,6.941140678277868e-07
4.219219219219218,0.00015409756431167504,1.4289194157719367e-05
4.2292292292292295,0.00015408297847359603,2.2858749000299443e-06
4.2392392392392395,0.00015406835899253512,9.107701685209531e-07
4.249249249249249,0.0001540537058749855,1.8286847596550564e-07
4.259259259259259,0.0001540390191274553,1.4611559876125467e-06
4.269269269269269,0.00015402429875646735,5.431854047983132e-06
4.2792792792792795,0.0001540095447685594,8.146757286344521e-07
4.2892892892892895,0.000153994757170284,8.732851926291919e-07
4.2992992992992995,0.00015397993596820864,1.202979518221929e-06
4.309309309309309,0.0001539650811689154,9.104145898342565e-07
4.319319319319319,0.00015395019277900131,8.021472741361535e-07
4.329329329329329,0.00015393527080507816,4.8200938565526225e-06
4.33933933933934,0.00015392031525377273,1.442189449738058e-06
4.34934934934935,0.00015390532613172633,2.0542395312058198e-07
4.35935935935936,0.00015389030344559513,9.00967454381138e-07
4.369369369369369,0.00015387524720205035,2.3820486790264544e-06
4.379379379379379,0.00015386015740777753,9.523783891812874e-06
4.389389389389389,0.0001538450340694776,6.351785734933463e-07
4.3993993993994,0.0001538298771938657,1.1943367621362974e-06
4.40940940940941,0.00015381468678767206,1.0463492531518534e-06
4.41941941941942,0.00015379946285764176,1.500964348583181e-07
4.429429429429429,0.00015378420541053433,9.711804389910328e-06
4.439439439439439,0.00015376891445312442,2.448311690991161e-06
4.449449449449449,0.00015375358999220127,6.313390677341337e-07
4.45945945945946,0.00015373823203456872,4.975138480777345e-07
4.46946946946947,0.00015372284058704581,1.5557700852961126e-06
4.47947947947948,0.00015370741565646584,3.7575941619382975e-06
4.489489489489489,0.00015369195724967725,7.471922250965138e-08
4.499499499499499,0.00015367646537354303,1.1867177428557851e-06
4.509509509509509,0.0001536609400349409,1.159578798736892e-06
4.51951951951952,0.0001536453812407634,5.47572499232162e-07
4.52952952952953,0.0001536297889979178,1.471339023175801e-06
4.53953953953954,0.00015361416331332602,6.526884276458084e-06
4.549549549549549,0.00015359850419392488,1.2321808538887499e-06
4.559559559559559,0.00015358281164666563,1.294241373811189e-07
4.569569569569569,0.00015356708567851454,1.107128423127335e-06
4.57957957957958,0.00015355132629645257,2.0712938192013708e-06
4.58958958958959,0.0001535355335074751,1.6275431453530203e-05
4.5995995995996,0.0001535197073185925,1.1783556361978635e-06
4.609609609609609,0.00015350384773682977,1.2777001791810617e-06
4.619619619619619,0.0001534879547692265,8.090589321879113e-07
4.629629629629629,0.0001534720284228373,3.4952570432855547e-07
4.63963963963964,0.00015345606870473103,7.759037161338749e-06
4.64964964964965,0.0001534400756219916,2.447594816987733e-06
4.65965965965966,0.00015342404918171736,2.9311433802325515e-07
4.669669669669669,0.00015340798939102152,7.719058545046293e-07
4.679679679679679,0.00015339189625703184,1.5342048985430496e-06
4.689689689689689,0.0001533757697868908,2.37197416005451e-06
4.6996996996997,0.00015335960998775564,1.1627403706362314e-06
4.70970970970971,0.00015334341686679796,1.4323713490697205e-06
4.71971971971972,0.00015332719043120458,1.0322288890155586e-06
4.729729729729729,0.00015331093068817627,1.693160918793018e-07
4.739739739739739,0.00015329463764492902,1.9125733483155943e-06
4.749749749749751,0.00015327831130869336,8.760277948918068e-06
4.75975975975976,0.0001532619516867141,9.089570085071509e-07
4.76976976976977,0.00015324555878625117,4.5622008377903624e-07
4.77977977977978,0.00015322913261457888,1.2258315555177537e-06
4.789789789789789,0.00015321267317898617,1.663566096806358e-06
4.799799799799799,0.00015319618048677676,1.6820142716226903e-06
4.80980980980981,0.00015317965454526877,1.705051464838499e-06
4.81981981981982,0.00015316309536179514,1.2697314793389725e-06
4.82982982982983,0.0001531465029437034,5.203590720686737e-07
4.83983983983984,0.00015312987729835555,7.692250364312624e-07
4.849849849849849,0.00015311321843312827,6.3662955346958524e-06
4.859859859859859,0.000153096526355413,2.252248137180419e-06
4.86986986986987,0.0001530798010726156,8.804353759910644e-08
4.87987987987988,0.00015306304259215652,9.875009814107484e-07
4.88988988988989,0.00015304625092147088,1.4071446277518942e-06
4.899899899899899,0.00015302942606800838,1.2070576957171042e-06
4.909909909909909,0.0001530125680392333,2.573837074457889e-06
4.919919919919919,0.0001529956768426244,1.5887782238371104e-06
4.92992992992993,0.00015297875248567526,8.295926466105867e-07
4.93993993993994,0.00015296179497589372,2.0307746881831121e-07
4.94994994994995,0.00015294480432080247,2.1488319440778405e-06
4.959959959959959,0.00015292778052793855,1.2364764252130508e-05
4.969969969969969,0.0001529107236048536,4.829093118175998e-07
4.979979979979979,0.00015289363355911397,7.567970373816185e-07
4.98998998998999,0.00015287651039830034,1.252750229795114e-06
5.0,0.00015285935413000815,1.1944261689590456e-06
