freq,psd_raw,psd_proj
0.0,8.248217923323914e-42,1.7379652527374502e-48
10.0,3.706494077228203e-08,2.5652486937928288e-20
20.0,3.6197580780869276e-13,1.0307523517098865e-19
30.0,1.6828567882636157e-12,2.336812361358721e-19
40.0,1.4664819315700857e-12,4.1988367895432494e-19
50.0,1.3208310423776285e-12,6.651872394227476e-19
60.0,5.625181087932161e-13,9.743242749797399e-19
70.0,5.10440404696921e-13,1.3534453654354697e-18
80.0,2.573438335115325e-13,1.810378017065838e-18
90.0,2.572805422325841e-13,2.3549733473098778e-18
100.0,1.52707769815662e-13,2.9995690384185383e-18
110.0,1.7455548436675203e-13,3.759609126117396e-18
120.0,2.0143395886216579e-13,4.65447936329878e-18
130.0,1.1678846706925636e-13,5.708644395746102e-18
140.0,1.433294672883785e-13,6.953215492582158e-18
150.0,5.3813722248696376e-14,8.428144836445765e-18
160.0,1.0938881741980007e-13,1.0185351543456549e-17
170.0,1.0165228776107755e-13,1.2293266819138364e-17
180.0,8.161332731237089e-14,1.4843599697261793e-17
190.0,3.662270877619672e-14,1.7961685782537752e-17
200.0,5.945154192921677e-14,2.182282606009794e-17
210.0,2.568295731667089e-14,2.6679064006262777e-17
220.0,3.634883332466406e-14,3.2905071544925265e-17
230.0,1.441911672695009e-14,4.1081164828394915e-17
240.0,5.981784829274516e-15,5.2153982002185676e-17
250.0,1.173608870436328e-14,6.777554215638054e-17
260.0,6.4665938835529594e-15,9.110582427604838e-17
270.0,1.0064952851400416e-14,1.2904463703713052e-16
280.0,7.255858941675556e-15,2.0016333424919562e-16
290.0,1.8011808226341317e-15,3.782037441367394e-16
300.0,1.6618037539148006e-15,1.5598915972086497e-15
310.0,3.956540527504292e-15,3.895005935088389e-15
320.0,3.1144985933047232e-15,2.960007218817952e-15
330.0,5.742359064758944e-16,2.315344999403351e-16
340.0,5.262625830640229e-16,2.0257372708357566e-16
350.0,1.879693474086377e-16,4.819155317639676e-16
360.0,1.1031236562759435e-15,8.490103545563505e-16
370.0,7.095048570068861e-16,4.551874036380441e-16
380.0,2.4544115796200067e-16,5.474368887624791e-16
390.0,8.102742658452094e-18,9.694537253838683e-17
400.0,7.327659304842717e-16,8.33367152260514e-16
410.0,6.330401839022563e-16,6.854534928286861e-16
420.0,3.5994997676569905e-16,5.728941549651704e-16
430.0,3.911243319677067e-16,5.539421370248027e-16
440.0,4.046136250956571e-16,4.792171455307538e-16
450.0,2.2278812422268373e-17,1.2329954277591097e-16
460.0,1.6878838174682452e-16,3.1870635308391003e-16
470.0,2.72075599299938e-16,3.324525047935021e-16
480.0,2.7933404736723443e-17,1.9748107589992425e-17
490.0,8.090344987235604e-17,4.768582585033814e-17
500.0,1.174861202395035e-17,2.9185377900552944e-17
510.0,1.259907030427307e-17,2.916813529955541e-17
520.0,8.87040462446406e-18,4.7813254547830494e-17
530.0,1.0555054181289935e-17,3.436919734181307e-17
540.0,9.99834213317679e-18,4.864013408627417e-17
550.0,1.0660027575540118e-16,1.5527422973199435e-16
560.0,5.268352757298465e-17,1.2142431017278918e-16
570.0,1.1994967361626119e-17,5.2116391995601036e-17
580.0,1.8809044510438466e-17,2.7139252922060775e-17
590.0,2.5684390454730765e-17,2.891090150167109e-17
600.0,6.60180837562425e-17,1.0431829948165045e-16
610.0,2.557899499126505e-17,2.956966358443959e-17
620.0,5.768087067735607e-17,8.1592688335321e-17
630.0,3.913859094087785e-17,8.296220329776222e-17
640.0,4.506176979340188e-17,5.776501284584771e-17
650.0,1.6888489979021495e-17,5.4283889871019935e-17
660.0,9.286008183529647e-18,3.29320369360904e-17
670.0,1.9180032765981558e-17,5.523409848978439e-17
680.0,2.9831617507546355e-17,6.245188221337177e-17
690.0,8.774846916058914e-18,2.716117195809764e-17
700.0,2.9620423983511923e-17,5.485011822935724e-17
710.0,1.7429985846678062e-17,2.5975922575706315e-17
720.0,7.901540693481049e-18,2.633464543202852e-17
730.0,2.486066349723876e-17,4.349622186768674e-17
740.0,1.7908243054247925e-17,2.7539778287113064e-17
750.0,7.393496845510901e-18,2.688976329234721e-17
760.0,1.4999850066882246e-17,2.4548060410296292e-17
770.0,1.8832859246887996e-17,3.351434341290701e-17
780.0,1.5921297350894672e-17,3.7348584675891e-17
790.0,6.352976696867508e-18,2.2867752799887353e-17
800.0,1.4171814738247444e-17,3.414074944744333e-17
810.0,7.418634359935003e-18,2.6698419534465353e-17
820.0,5.761194645574682e-18,2.1196989292520332e-17
830.0,6.76554526397158e-18,2.478240670223705e-17
840.0,7.879668038129031e-18,2.637774038503524e-17
850.0,9.81134062589225e-18,2.75669730332803e-17
860.0,6.269575686634795e-18,1.6474176201730303e-17
870.0,4.993697301551472e-18,1.9400744891764817e-17
880.0,6.6616914242822484e-18,2.3030013585131262e-17
890.0,9.482363970177072e-18,2.1613955611429366e-17
900.0,4.7278687462570695e-18,1.5370121725447362e-17
910.0,7.267055515813535e-18,1.657353563732705e-17
920.0,4.7108642693304836e-18,1.8589134694705134e-17
930.0,3.9607986325068595e-18,1.5739713644688453e-17
940.0,6.6262538629740034e-18,2.0035406811047474e-17
950.0,3.775537255494639e-18,1.415661575456779e-17
960.0,3.769440273391941e-18,1.57494569011133e-17
970.0,5.685467813795932e-18,1.8184368102174886e-17
980.0,3.547168146937512e-18,1.2932170233370662e-17
990.0,3.2521937166091194e-18,1.323095611248086e-17
1000.0,4.035391095976423e-18,1.58708273395595e-17
1010.0,3.2527871081598104e-18,1.207076857005212e-17
1020.0,4.69383658802071e-18,1.561865850780872e-17
1030.0,3.616603398515492e-18,1.464274541825492e-17
1040.0,3.780028432752114e-18,1.1589222358042402e-17
1050.0,4.429133206599284e-18,1.3746787431723211e-17
1060.0,3.711047889804879e-18,1.1404465165208016e-17
1070.0,3.994023139291924e-18,1.2228026211019514e-17
1080.0,2.5309641207211424e-18,1.0535384294527396e-17
1090.0,2.4398953259459663e-18,1.0348192098402312e-17
1100.0,2.3918097354397498e-18,1.1369714780143528e-17
1110.0,3.064963406134195e-18,1.0268259925668512e-17
1120.0,2.239539971647881e-18,9.720009959403229e-18
1130.0,2.41275938630235e-18,9.430350444962636e-18
1140.0,2.014762259915801e-18,9.917747337272301e-18
1150.0,2.618774236753172e-18,1.1104597927834838e-17
1160.0,2.1348553021125266e-18,1.0397402347127584e-17
1170.0,1.882617930258814e-18,8.912643956586562e-18
1180.0,2.548951616390994e-18,1.028545288987001e-17
1190.0,1.7280222466349375e-18,8.879468964092146e-18
1200.0,1.963795626207096e-18,9.690485986705426e-18
1210.0,1.872014273197867e-18,9.440019484005305e-18
1220.0,2.085484391793977e-18,8.318753031875403e-18
1230.0,1.8758553738290567e-18,9.207779029610167e-18
1240.0,2.1088218559986494e-18,8.84291262504688e-18
1250.0,1.460431762203971e-18,7.801302102704068e-18
1260.0,1.5430700182632924e-18,7.470404467761584e-18
1270.0,1.5746433835048696e-18,8.38958940558757e-18
1280.0,1.828918160465457e-18,8.194389769514314e-18
1290.0,1.758020069539239e-18,8.074043636464464e-18
1300.0,1.4793638991761623e-18,7.966805341344157e-18
1310.0,1.6542783574107508e-18,7.724368943940897e-18
1320.0,1.2287319901512947e-18,7.324606533923448e-18
1330.0,1.156653741590008e-18,6.939481857795228e-18
1340.0,1.3018801945416613e-18,7.374018904831351e-18
1350.0,1.4105681309941486e-18,7.268249719845166e-18
1360.0,1.202614664530013e-18,6.3526963011258796e-18
1370.0,1.1398896702233643e-18,6.902381901471126e-18
1380.0,1.2669246976005035e-18,6.3524464058668165e-18
1390.0,1.271389971949353e-18,6.402774529667286e-18
1400.0,1.1950514372828144e-18,6.1567514010137714e-18
1410.0,1.0264618652828331e-18,5.872938666189202e-18
1420.0,9.622223481989047e-19,6.266927095596076e-18
1430.0,1.1011728653681433e-18,5.894386067342767e-18
1440.0,1.09548745002593e-18,6.1384282209037015e-18
1450.0,1.0428703033783732e-18,6.086361454047272e-18
1460.0,1.0421958097022814e-18,5.8177748299265676e-18
1470.0,8.94401219917824e-19,5.875608461304418e-18
1480.0,8.97094142766612e-19,5.335839883417214e-18
1490.0,9.271971006116186e-19,5.378682601167663e-18
1500.0,9.25725400859108e-19,5.4240864810762984e-18
1510.0,8.293821854926145e-19,5.113586491936599e-18
1520.0,7.143670849597435e-19,5.049198978764193e-18
1530.0,7.711425279260237e-19,4.951805244652713e-18
1540.0,6.818589183373291e-19,4.9027504410512196e-18
1550.0,6.873089950525343e-19,5.114306330632788e-18
1560.0,6.491950865167214e-19,4.966219475548044e-18
1570.0,7.325136521805118e-19,5.0442007139309565e-18
1580.0,6.984770058341981e-19,4.972703039032581e-18
1590.0,7.229065666738695e-19,4.755322992932288e-18
1600.0,5.802773522014389e-19,4.5598311975405995e-18
1610.0,6.857590740510898e-19,4.626026298586624e-18
1620.0,5.883786322746837e-19,4.3704112670013574e-18
1630.0,6.515981980012641e-19,4.5249735047225744e-18
1640.0,6.223269992328368e-19,4.360406477712483e-18
1650.0,5.921563991485458e-19,4.256920603611943e-18
1660.0,5.379208332874413e-19,4.151298017645375e-18
1670.0,5.241915287826406e-19,4.339101742593364e-18
1680.0,5.239301843490299e-19,4.05357965912176e-18
1690.0,5.420568556653697e-19,4.0593331355252756e-18
1700.0,4.808774729209681e-19,3.9493372340652764e-18
1710.0,4.660089006671525e-19,4.086169267351545e-18
1720.0,4.597108151582725e-19,4.0446272639420474e-18
1730.0,4.506439957703206e-19,3.8059866795905314e-18
1740.0,4.49176603219776e-19,3.7608633843474476e-18
1750.0,4.547833667198697e-19,3.925255362515345e-18
1760.0,4.707444293548582e-19,3.803084079172361e-18
1770.0,4.069656354004255e-19,3.6307247642875884e-18
1780.0,3.8756795335316895e-19,3.693515839396448e-18
1790.0,4.1405181383267925e-19,3.55764052217277e-18
1800.0,4.2468492464990674e-19,3.659500914165882e-18
1810.0,4.1552975127038325e-19,3.6115788562484776e-18
1820.0,4.020103624214936e-19,3.581473593003464e-18
1830.0,3.993260072370809e-19,3.4915678270543246e-18
1840.0,3.4509866059124666e-19,3.460199741436054e-18
1850.0,3.812761237250141e-19,3.4024434165708603e-18
1860.0,3.6668321699466156e-19,3.3172435655904527e-18
1870.0,3.617174653967569e-19,3.296010852925449e-18
1880.0,3.123566659980821e-19,3.2225501689933783e-18
1890.0,3.183129282085188e-19,3.287412918150939e-18
1900.0,3.0710061516754973e-19,3.2377617903720237e-18
1910.0,3.1060805833372075e-19,3.0967635689518993e-18
1920.0,3.178025840576693e-19,3.1877022612049233e-18
1930.0,3.179608971488497e-19,3.089185235032522e-18
1940.0,2.923865922348972e-19,2.998831109963011e-18
1950.0,2.6926705069750156e-19,3.0138134084779248e-18
1960.0,2.9036959776376683e-19,3.047966541508744e-18
1970.0,2.667070993660989e-19,2.9048342135549266e-18
1980.0,2.7292434814516936e-19,2.9818807024308366e-18
1990.0,2.5587182272625844e-19,2.845152034842603e-18
2000.0,2.578428170815453e-19,2.8152926043375908e-18
2010.0,2.6178926771470086e-19,2.88483284179405e-18
2020.0,2.4728328347973904e-19,2.851174453573697e-18
2030.0,2.5750529435035315e-19,2.7770667888270178e-18
2040.0,2.4104116265891644e-19,2.7061255342781592e-18
2050.0,2.2202789168943484e-19,2.6913869487406765e-18
2060.0,2.4265390710051535e-19,2.709480134183986e-18
2070.0,2.156517686116196e-19,2.628945895446693e-18
2080.0,2.1359674305697417e-19,2.598650280272224e-18
2090.0,2.280325241445879e-19,2.613091644834157e-18
2100.0,2.0292027267723314e-19,2.5976242336981374e-18
2110.0,2.0919855667983313e-19,2.5236671318902524e-18
2120.0,1.9373848874109237e-19,2.5177528161688544e-18
2130.0,1.9795731120036133e-19,2.542107964562703e-18
2140.0,1.866825676244389e-19,2.4822764845999443e-18
2150.0,2.0240084797416446e-19,2.4608331226882383e-18
2160.0,1.9356780403678856e-19,2.4123403840725683e-18
2170.0,1.8354689684902318e-19,2.443604757276256e-18
2180.0,1.8228747637237756e-19,2.3598952812452386e-18
2190.0,1.7994537455124997e-19,2.400457323520632e-18
2200.0,1.8019582459459438e-19,2.325586684318166e-18
2210.0,1.7128551756884576e-19,2.294316486505539e-18
2220.0,1.7040822912305062e-19,2.2756351828178502e-18
2230.0,1.6074332182368292e-19,2.2559045459805445e-18
2240.0,1.6839167554686159e-19,2.285765085851534e-18
2250.0,1.5816139963176156e-19,2.2120622286749137e-18
2260.0,1.643279744758454e-19,2.232954943333192e-18
2270.0,1.611889246467552e-19,2.2139482621457576e-18
2280.0,1.4497359295152147e-19,2.1757160236112677e-18
2290.0,1.509128590780608e-19,2.1852244645060792e-18
2300.0,1.4018487437278175e-19,2.1407490999850414e-18
2310.0,1.3780180298079011e-19,2.1090161728904884e-18
2320.0,1.4741941637643217e-19,2.1072635415035515e-18
2330.0,1.3927816339147198e-19,2.0626182093911008e-18
2340.0,1.4184152491437754e-19,2.0794542657054683e-18
2350.0,1.2988429307493948e-19,2.0584769464777785e-18
2360.0,1.2679068613928306e-19,2.016508959282745e-18
2370.0,1.337244292876682e-19,2.004908952594391e-18
2380.0,1.23383355037061e-19,1.9785884389852407e-18
2390.0,1.2982346724002128e-19,1.990588971812946e-18
2400.0,1.2252502507576277e-19,1.9807141670766882e-18
2410.0,1.2565690984836488e-19,1.948152000587226e-18
2420.0,1.2274883045993846e-19,1.9230408825787022e-18
2430.0,1.1803419464081532e-19,1.931625924715356e-18
2440.0,1.1139868910609823e-19,1.9047268282424713e-18
2450.0,1.1282719066521885e-19,1.898597512805681e-18
2460.0,1.1379828833173167e-19,1.881704989003438e-18
2470.0,1.1036483420318282e-19,1.8677877971453734e-18
2480.0,1.1073199994091364e-19,1.84831315049741e-18
2490.0,1.0957439066373364e-19,1.8265050444370156e-18
2500.0,1.002873552926753e-19,1.798035768628954e-18
2510.0,9.856090461860256e-20,1.7901590028228863e-18
2520.0,1.0199729399350124e-19,1.792478920921616e-18
2530.0,1.0208351036834814e-19,1.77327506330152e-18
2540.0,9.521813394526099e-20,1.758338248324079e-18
2550.0,9.367185380999186e-20,1.7225757980509663e-18
2560.0,9.476840916875e-20,1.7359686282736406e-18
2570.0,9.25503500562545e-20,1.6949286223091055e-18
2580.0,8.87433782158816e-20,1.6850376559351536e-18
2590.0,8.685148483261792e-20,1.676444751451982e-18
2600.0,8.981348037708779e-20,1.6594580119340324e-18
2610.0,8.688355508072702e-20,1.6686748828089362e-18
2620.0,8.639580152928941e-20,1.632850555266959e-18
2630.0,8.163373410658833e-20,1.6315471821161388e-18
2640.0,8.480170675997408e-20,1.6120870930561115e-18
2650.0,8.258224295411156e-20,1.6185957705093512e-18
2660.0,8.29757897794979e-20,1.5947440305729834e-18
2670.0,8.025627155326145e-20,1.5941050171459256e-18
2680.0,7.897818778177321e-20,1.5623561785949548e-18
2690.0,7.509207286192457e-20,1.5506113259507982e-18
2700.0,7.711340154183169e-20,1.5578463412704863e-18
2710.0,7.265402279945662e-20,1.5290265652085822e-18
2720.0,7.170492251478873e-20,1.5308220146915148e-18
2730.0,7.188594685974039e-20,1.5046928008351497e-18
2740.0,7.176850920855809e-20,1.5136359933582221e-18
2750.0,7.129821994609175e-20,1.4864412340520616e-18
2760.0,6.795957661296882e-20,1.4890524762130337e-18
2770.0,7.00219431013124e-20,1.4746352171204577e-18
2780.0,6.894959451550461e-20,1.4647518790659161e-18
2790.0,6.793959941477047e-20,1.4531900609002096e-18
2800.0,6.381892824303279e-20,1.4460867138292365e-18
2810.0,6.277062397593248e-20,1.4236797873231856e-18
2820.0,6.196483712905358e-20,1.413490799484073e-18
2830.0,6.395979014428234e-20,1.411382078143436e-18
2840.0,5.978831471124711e-20,1.3962876129889494e-18
2850.0,6.0931250671084e-20,1.3996246776719759e-18
2860.0,6.112106731727562e-20,1.3860426408560275e-18
2870.0,5.811141385359752e-20,1.3650918706298528e-18
2880.0,5.79274053335528e-20,1.3708821864107e-18
2890.0,5.571734097419285e-20,1.3565876143477098e-18
2900.0,5.717993241047677e-20,1.340550626234184e-18
2910.0,5.678705554016457e-20,1.3349440568326411e-18
2920.0,5.56728403548208e-20,1.332962342198748e-18
2930.0,5.334391582413979e-20,1.3241656847585419e-18
2940.0,5.2063217917503365e-20,1.3129911335748731e-18
2950.0,5.2678418066428005e-20,1.3077105466432698e-18
2960.0,5.1046623422246077e-20,1.286114723322387e-18
2970.0,5.2179858851099555e-20,1.284979834620491e-18
2980.0,5.0223212203841773e-20,1.2695215725194349e-18
2990.0,4.8650551197210765e-20,1.271099124153485e-18
3000.0,4.7736801487900034e-20,1.2610363783391752e-18
3010.0,4.6994307888215404e-20,1.2517285605713114e-18
3020.0,4.8606495012078477e-20,1.2433674178234306e-18
3030.0,4.586180696934741e-20,1.2312139687018594e-18
3040.0,4.627779293489257e-20,1.2331317752723535e-18
3050.0,4.548239775348956e-20,1.2251367932613933e-18
3060.0,4.5838626493216775e-20,1.210171821364405e-18
3070.0,4.3998189302757304e-20,1.2091946896655253e-18
3080.0,4.4457352242651e-20,1.194060579574169e-18
3090.0,4.212659448918047e-20,1.1890281376005333e-18
3100.0,4.16571623030434e-20,1.179021381047999e-18
3110.0,4.279492684211921e-20,1.1730789017085554e-18
3120.0,4.201159881542112e-20,1.1644346812020381e-18
3130.0,4.17521822153217e-20,1.1624969767016361e-18
3140.0,3.9546360780815136e-20,1.1501026024637061e-18
3150.0,3.889621289248603e-20,1.1460063292319507e-18
3160.0,3.9836428576108046e-20,1.143446315084131e-18
3170.0,3.813260372215027e-20,1.1352156901802567e-18
3180.0,3.8804075721108544e-20,1.123208946226902e-18
3190.0,3.711265118378045e-20,1.1214115829160446e-18
3200.0,3.656470761427146e-20,1.1093552583102613e-18
3210.0,3.596006013396756e-20,1.1046258241485534e-18
3220.0,3.6368313117844827e-20,1.0952962113777023e-18
3230.0,3.621075350511565e-20,1.0898615164534342e-18
3240.0,3.4680326940996283e-20,1.0877635121944965e-18
3250.0,3.502010588298393e-20,1.076378612802259e-18
3260.0,3.447403656029174e-20,1.0699956758938556e-18
3270.0,3.4587153146195765e-20,1.0701588609796775e-18
3280.0,3.420098716583916e-20,1.0610202085261613e-18
3290.0,3.279722255229374e-20,1.0583443423176682e-18
3300.0,3.329225190896568e-20,1.0515014441264317e-18
3310.0,3.174921095064434e-20,1.0407675717483792e-18
3320.0,3.1385809166895053e-20,1.0346600148526412e-18
3330.0,3.0872393457606364e-20,1.029958777442849e-18
3340.0,3.050211836880303e-20,1.0239383742599263e-18
3350.0,3.048248438295362e-20,1.0230178416664862e-18
3360.0,3.073343020632733e-20,1.0125094974799838e-18
3370.0,3.009229777532684e-20,1.0119678650484886e-18
3380.0,2.91268396092265e-20,1.0048433044645024e-18
3390.0,2.9248529864074965e-20,1.0007536695373796e-18
3400.0,2.93160093364619e-20,9.937193861152454e-19
3410.0,2.813362838622672e-20,9.83770224749609e-19
3420.0,2.8411220866732863e-20,9.790101700597607e-19
3430.0,2.724690431349358e-20,9.748986394005676e-19
3440.0,2.766294150851313e-20,9.682007644308775e-19
3450.0,2.733293235282971e-20,9.680618078390563e-19
3460.0,2.714055429645775e-20,9.587833173549312e-19
3470.0,2.648207210358651e-20,9.578208407238011e-19
3480.0,2.563037506553222e-20,9.492243756357695e-19
3490.0,2.5429380495499133e-20,9.46202284427917e-19
3500.0,2.5826286543355832e-20,9.384496652790063e-19
3510.0,2.50239810634491e-20,9.321210837863594e-19
3520.0,2.4446133306396904e-20,9.303340823273633e-19
3530.0,2.492989721132382e-20,9.266783179736575e-19
3540.0,2.4498474907499554e-20,9.182663785904923e-19
3550.0,2.4278032085564228e-20,9.13960940465477e-19
3560.0,2.4050544502891543e-20,9.098619911328274e-19
3570.0,2.3607811166827863e-20,9.039985084123726e-19
3580.0,2.2735982684384127e-20,9.010468643235813e-19
3590.0,2.3156087407672448e-20,8.98381710116531e-19
3600.0,2.2960257252286076e-20,8.9239279922928e-19
3610.0,2.1962886940722453e-20,8.863871133888855e-19
3620.0,2.1788977756239277e-20,8.842916151178231e-19
3630.0,2.202850600669017e-20,8.804370592449963e-19
3640.0,2.1449371173743996e-20,8.718383286103677e-19
3650.0,2.143563303804065e-20,8.678633857079727e-19
3660.0,2.132660749928095e-20,8.667495601260122e-19
3670.0,2.0638335477990705e-20,8.627511937521188e-19
3680.0,2.0326181214505063e-20,8.549723367431933e-19
3690.0,2.0028316060559625e-20,8.532054374745817e-19
3700.0,2.035817380071974e-20,8.495050133049933e-19
3710.0,1.968705638214463e-20,8.456925362594673e-19
3720.0,1.976998753661699e-20,8.418456071524112e-19
3730.0,1.9599229516603584e-20,8.3749439664524635e-19
3740.0,1.8994427668120216e-20,8.300684530493739e-19
3750.0,1.9142894523902908e-20,8.265533365640155e-19
3760.0,1.883300693845029e-20,8.25634592348657e-19
3770.0,1.853998904341962e-20,8.216797448619034e-19
3780.0,1.8255716639183536e-20,8.140305823565579e-19
3790.0,1.7846532228406325e-20,8.123887444563118e-19
3800.0,1.805575920948419e-20,8.096916946451417e-19
3810.0,1.7924587082984423e-20,8.053322454542648e-19
3820.0,1.7630690626002263e-20,7.991420569874423e-19
3830.0,1.738033745272289e-20,7.983925345441726e-19
3840.0,1.6886121804688225e-20,7.918795144963838e-19
3850.0,1.710618567685998e-20,7.884353587017925e-19
3860.0,1.6910000069746067e-20,7.867724926617789e-19
3870.0,1.6581594445831394e-20,7.803690689126704e-19
3880.0,1.6375092416992582e-20,7.799013857171256e-19
3890.0,1.5967086302231024e-20,7.752663966348501e-19
3900.0,1.6128303480996106e-20,7.724948394035218e-19
3910.0,1.5604188420598232e-20,7.668201764431145e-19
3920.0,1.541755948252334e-20,7.6393814462987e-19
3930.0,1.5674924507477638e-20,7.611362881807126e-19
3940.0,1.5085076721235017e-20,7.572134808659347e-19
3950.0,1.5334002957507366e-20,7.538324954723951e-19
3960.0,1.4801107400013127e-20,7.510914572916171e-19
3970.0,1.4651871812566792e-20,7.478182029150471e-19
3980.0,1.456202302954471e-20,7.422445838364613e-19
3990.0,1.4632644219184118e-20,7.396439254603917e-19
4000.0,1.4471606291946446e-20,7.363505024330907e-19
4010.0,1.3972501756147278e-20,7.335691392841525e-19
4020.0,1.4175028363687103e-20,7.300791709392258e-19
4030.0,1.3778866367616124e-20,7.260281358144311e-19
4040.0,1.3785957625013165e-20,7.253578117701476e-19
4050.0,1.3616534449928267e-20,7.197854820554826e-19
4060.0,1.3585482584788133e-20,7.177397419622532e-19
4070.0,1.31001814439838e-20,7.142937643852633e-19
4080.0,1.3009846532611117e-20,7.105884670569507e-19
4090.0,1.3148452116329331e-20,7.089948901623724e-19
4100.0,1.2981631914523127e-20,7.049157031616009e-19
4110.0,1.2555370705040402e-20,7.026254972644558e-19
4120.0,1.2659892468310864e-20,7.005491291357972e-19
4130.0,1.2583984905644561e-20,6.971292578097607e-19
4140.0,1.2444793640350727e-20,6.942361758563335e-19
4150.0,1.2185264829725838e-20,6.917458122838807e-19
4160.0,1.218610931033794e-20,6.873474389501139e-19
4170.0,1.2050514200986647e-20,6.843695093171785e-19
4180.0,1.1763985123190125e-20,6.829749442401404e-19
4190.0,1.1584879545727488e-20,6.798545400594526e-19
4200.0,1.1431900929441542e-20,6.767141722725749e-19
4210.0,1.1340975147378909e-20,6.741917074249893e-19
4220.0,1.1252689672880693e-20,6.697074538267121e-19
4230.0,1.1060951080074753e-20,6.679624335437697e-19
4240.0,1.1192441085649539e-20,6.64824930009425e-19
4250.0,1.08852490116815e-20,6.616005391130198e-19
4260.0,1.0833658814149617e-20,6.587904156492337e-19
4270.0,1.0854997457503805e-20,6.575525107114048e-19
4280.0,1.0500361787594788e-20,6.543910964593834e-19
4290.0,1.0409922708320461e-20,6.512141193659699e-19
4300.0,1.0514657451603178e-20,6.488863049869773e-19
4310.0,1.033703620272097e-20,6.457463025576925e-19
4320.0,1.012471325939194e-20,6.446934117261862e-19
4330.0,1.0201326665904172e-20,6.417591967411671e-19
4340.0,9.901187405945129e-21,6.382141375195086e-19
4350.0,9.89822555351439e-21,6.372787177931775e-19
4360.0,9.727202574989714e-21,6.3458200024042e-19
4370.0,9.676705970201336e-21,6.305072722435025e-19
4380.0,9.569694476779011e-21,6.280436764334133e-19
4390.0,9.590532409051655e-21,6.264255400959672e-19
4400.0,9.321892663440203e-21,6.24588811563984e-19
4410.0,9.377145827010959e-21,6.221810511491957e-19
4420.0,9.131645351853841e-21,6.185330516198771e-19
4430.0,9.068999881178443e-21,6.160295905404687e-19
4440.0,9.111030528786011e-21,6.147426510278587e-19
4450.0,8.983657713926457e-21,6.127895894383757e-19
4460.0,8.87552545208074e-21,6.105170474936698e-19
4470.0,8.713355041030454e-21,6.06687654323611e-19
4480.0,8.566756995077368e-21,6.05111598414999e-19
4490.0,8.56035429553183e-21,6.036012708322136e-19
4500.0,8.432347194786295e-21,5.999389470271611e-19
4510.0,8.319384237834449e-21,5.979858894581119e-19
4520.0,8.394279721721853e-21,5.958179983607598e-19
4530.0,8.149551663955058e-21,5.937366957218071e-19
4540.0,8.069240576317426e-21,5.916721422825229e-19
4550.0,8.12963081142915e-21,5.9005788420663e-19
4560.0,8.052197291373357e-21,5.87850458664866e-19
4570.0,7.994050330607476e-21,5.85135363099711e-19
4580.0,7.860478103419584e-21,5.823731835651377e-19
4590.0,7.77583331629427e-21,5.802251431455221e-19
4600.0,7.693085647854273e-21,5.794277017740957e-19
4610.0,7.61026530001126e-21,5.773176708147801e-19
4620.0,7.508561115350105e-21,5.75167132123012e-19
4630.0,7.529125477996522e-21,5.723865904046912e-19
4640.0,7.310781262270146e-21,5.704062220664851e-19
4650.0,7.350523561623191e-21,5.689622934952653e-19
4660.0,7.17687356049902e-21,5.6600190920283675e-19
4670.0,7.239901788537656e-21,5.643414077273534e-19
4680.0,7.169424426659967e-21,5.623990617868322e-19
4690.0,6.978426577432693e-21,5.5989711535788745e-19
4700.0,6.89814121404876e-21,5.584917627444058e-19
4710.0,6.960116554738216e-21,5.565890287443418e-19
4720.0,6.858872739575015e-21,5.539640359676648e-19
4730.0,6.823961797023497e-21,5.527450337043111e-19
4740.0,6.7130773078443545e-21,5.500516492655756e-19
4750.0,6.678756612869149e-21,5.483473203074116e-19
4760.0,6.629727737523033e-21,5.468931051583232e-19
4770.0,6.446966664003141e-21,5.44640924724749e-19
4780.0,6.388592812918285e-21,5.432337535748008e-19
4790.0,6.3504371350288805e-21,5.40656366320173e-19
4800.0,6.335520989371301e-21,5.388114698845421e-19
4810.0,6.2919360222279305e-21,5.3707548127493e-19
4820.0,6.144219197457333e-21,5.357801365236306e-19
4830.0,6.190704867617139e-21,5.336830864469178e-19
4840.0,6.063337855249943e-21,5.325181394654773e-19
4850.0,5.969731806683768e-21,5.300414235878514e-19
4860.0,6.0174561880521296e-21,5.286498669871172e-19
4870.0,5.877003165992125e-21,5.270893909621599e-19
4880.0,5.8551385305593935e-21,5.244622140918867e-19
4890.0,5.8181329517364514e-21,5.236826211286458e-19
4900.0,5.693958947710778e-21,5.216296453780298e-19
4910.0,5.639873945546095e-21,5.195306930527818e-19
4920.0,5.655269239861815e-21,5.17649091584929e-19
4930.0,5.618679604979714e-21,5.166865580682737e-19
4940.0,5.574221591772743e-21,5.148336232945095e-19
4950.0,5.45836202581121e-21,5.125428980607686e-19
4960.0,5.4699728689133676e-21,5.112969663947916e-19
4970.0,5.411065063728626e-21,5.094619630254495e-19
4980.0,5.356697716630317e-21,5.077746485235765e-19
4990.0,5.28066475301517e-21,5.068448383300914e-19
5000.0,5.255700680581768e-21,5.051044462300917e-19
5010.0,5.1353111484839535e-21,5.033556237266291e-19
5020.0,5.08913217280747e-21,5.012747902908088e-19
5030.0,5.036316279771446e-21,5.000832707708426e-19
5040.0,5.0644787015578206e-21,4.986654806461826e-19
5050.0,4.940406583980154e-21,4.968197959777428e-19
5060.0,4.8952046239048435e-21,4.953042046729038e-19
5070.0,4.9116006577598064e-21,4.940752980043469e-19
5080.0,4.8537560004594365e-21,4.917765427716277e-19
5090.0,4.7694213408619945e-21,4.908688182348389e-19
5100.0,4.715269844059877e-21,4.890439013766274e-19
5110.0,4.721901395715404e-21,4.872285202038698e-19
5120.0,4.6651129153728114e-21,4.856991574986369e-19
5130.0,4.634743496494565e-21,4.849789663770655e-19
5140.0,4.545825170702079e-21,4.829400374364547e-19
5150.0,4.569148130756016e-21,4.814550245395106e-19
5160.0,4.510175996212191e-21,4.8053357649152085e-19
5170.0,4.419009298377711e-21,4.787017416687684e-19
5180.0,4.385896101104108e-21,4.774652572322592e-19
5190.0,4.339367694466736e-21,4.756949246847535e-19
5200.0,4.365999784026869e-21,4.745423445966322e-19
5210.0,4.312246482906538e-21,4.732917416778794e-19
5220.0,4.220404816693166e-21,4.715948393682155e-19
5230.0,4.20019603387366e-21,4.704613717465217e-19
5240.0,4.152794105452281e-21,4.684921599819804e-19
5250.0,4.153446608192226e-21,4.670909857075734e-19
5260.0,4.0758330260265576e-21,4.657463575662121e-19
5270.0,4.093726226295337e-21,4.647049686875799e-19
5280.0,4.029701060231133e-21,4.629409996200794e-19
5290.0,3.9797740667342326e-21,4.6158720104342875e-19
5300.0,3.943157244730774e-21,4.60876730543131e-19
5310.0,3.901955869190193e-21,4.595093539076324e-19
5320.0,3.909694407061004e-21,4.578935188058739e-19
5330.0,3.8243944462570675e-21,4.563337807119117e-19
5340.0,3.824778371128348e-21,4.55559140827071e-19
5350.0,3.753169801123559e-21,4.5374399106199085e-19
5360.0,3.766661048108042e-21,4.52570591291613e-19
5370.0,3.7347288640672995e-21,4.514371149992568e-19
5380.0,3.699112103669549e-21,4.502346716802366e-19
5390.0,3.665064295831e-21,4.487387582335467e-19
5400.0,3.633443297094787e-21,4.476420347008676e-19
5410.0,3.58768310514753e-21,4.465760071359061e-19
5420.0,3.5484399384590295e-21,4.453476605426149e-19
5430.0,3.484014512284511e-21,4.437478365129985e-19
5440.0,3.494360047460783e-21,4.423718410625989e-19
5450.0,3.421474964338512e-21,4.412873230746947e-19
5460.0,3.395205509032853e-21,4.399435266187812e-19
5470.0,3.3732394092597868e-21,4.386563504353028e-19
5480.0,3.3601050308556695e-21,4.374467768326041e-19
5490.0,3.337957768846771e-21,4.363014016894584e-19
5500.0,3.274404876437183e-21,4.351446522658534e-19
5510.0,3.250176788080709e-21,4.339049927892441e-19
5520.0,3.2117140340514877e-21,4.3292440960133285e-19
5530.0,3.18948174884429e-21,4.315845589236628e-19
5540.0,3.1730860266116126e-21,4.3087902330694923e-19
5550.0,3.158084154664435e-21,4.2971277164021344e-19
5560.0,3.135289076457671e-21,4.2814094549696573e-19
5570.0,3.075344457973789e-21,4.2731897738562043e-19
5580.0,3.0429575603495977e-21,4.260284937542283e-19
5590.0,3.0480483724257278e-21,4.2470146585815783e-19
5600.0,3.0010413851007915e-21,4.24001806151007e-19
5610.0,2.996649472248596e-21,4.2286789379278617e-19
5620.0,2.9748725421267973e-21,4.2168167695084076e-19
5630.0,2.9496936878805096e-21,4.2052743333972813e-19
5640.0,2.8980485842808906e-21,4.1958262978986406e-19
5650.0,2.871220168702415e-21,4.180333237377532e-19
5660.0,2.833846860166484e-21,4.172547885929561e-19
5670.0,2.807111865732093e-21,4.1609384948481523e-19
5680.0,2.7971400827930857e-21,4.1480024586304694e-19
5690.0,2.7865852115231425e-21,4.1417032466006064e-19
5700.0,2.76150195342439e-21,4.1311056104985284e-19
5710.0,2.7454713087580795e-21,4.118909130645539e-19
5720.0,2.718246110865637e-21,4.1070303828919515e-19
5730.0,2.696531260038903e-21,4.0981631295068307e-19
5740.0,2.6673476468133892e-21,4.085856813524232e-19
5750.0,2.6488281141433335e-21,4.0771692829266576e-19
5760.0,2.6173632051794787e-21,4.0686926087864304e-19
5770.0,2.577341385213902e-21,4.0584934965711933e-19
5780.0,2.546495461431839e-21,4.0453564276339656e-19
5790.0,2.5555698479726284e-21,4.036830757271222e-19
5800.0,2.5288799821830377e-21,4.0279393521718124e-19
5810.0,2.479960769870692e-21,4.017466753671355e-19
5820.0,2.4779601654170673e-21,4.0085906584370797e-19
5830.0,2.441001080362738e-21,3.9949970278274756e-19
5840.0,2.4296893432907793e-21,3.9890585095818757e-19
5850.0,2.4200807796010753e-21,3.976430728658025e-19
5860.0,2.3742958046449387e-21,3.9661223855577863e-19
5870.0,2.3784399122945227e-21,3.95751686052689e-19
5880.0,2.33149137043679e-21,3.9471179749345294e-19
5890.0,2.3299783143281642e-21,3.940749907376987e-19
5900.0,2.31387874714036e-21,3.9285861832644746e-19
5910.0,2.2935930742022526e-21,3.9192586129027837e-19
5920.0,2.2517212609772616e-21,3.912191468075169e-19
5930.0,2.247986497901679e-21,3.9032775142457585e-19
5940.0,2.213788235224626e-21,3.8906745313873587e-19
5950.0,2.1936519212098266e-21,3.881555049291425e-19
5960.0,2.168312544587486e-21,3.873739487050969e-19
5970.0,2.1547707904182117e-21,3.863407160741535e-19
5980.0,2.148518653347903e-21,3.8543110818287844e-19
5990.0,2.1210457891721235e-21,3.845212869952663e-19
6000.0,2.0926984790649393e-21,3.837763655653213e-19
6010.0,2.0791399252367267e-21,3.830487169400432e-19
6020.0,2.0661045781875646e-21,3.822047988942558e-19
6030.0,2.0492622790897746e-21,3.8133083285307543e-19
6040.0,2.044608531139855e-21,3.8033449713887576e-19
6050.0,2.0019302096404908e-21,3.793892574240488e-19
6060.0,1.9948978766191296e-21,3.7838907916896666e-19
6070.0,1.966858228431199e-21,3.7771947243202754e-19
6080.0,1.9624348544785383e-21,3.7668385798769e-19
6090.0,1.955847259493756e-21,3.7601461355751123e-19
6100.0,1.933178750946907e-21,3.750267474980497e-19
6110.0,1.9075183763288085e-21,3.7447618115536535e-19
6120.0,1.8873057223759764e-21,3.7333869496345266e-19
6130.0,1.867460863834299e-21,3.7275184514456387e-19
6140.0,1.85472209965385e-21,3.719707903212731e-19
6150.0,1.847189032334977e-21,3.708707904617904e-19
6160.0,1.837401768094443e-21,3.7017217323823643e-19
6170.0,1.8039933266708733e-21,3.6950315191971686e-19
6180.0,1.7838299087056e-21,3.685567930634888e-19
6190.0,1.7889660502158955e-21,3.6775403226896517e-19
6200.0,1.7715509606459812e-21,3.6690485861242694e-19
6210.0,1.737248791796383e-21,3.661407852031949e-19
6220.0,1.7217915874102102e-21,3.6535862206962467e-19
6230.0,1.7063319291834777e-21,3.646062374838233e-19
6240.0,1.7057343900585655e-21,3.6397228627228695e-19
6250.0,1.6923119490814271e-21,3.629533554862614e-19
6260.0,1.66695162482298e-21,3.62156793046351e-19
6270.0,1.6647082822259473e-21,3.616067517841988e-19
6280.0,1.6327096580545135e-21,3.607991918740741e-19
6290.0,1.6200971372098893e-21,3.599027672940924e-19
6300.0,1.6074194275257822e-21,3.591289972590525e-19
6310.0,1.5998759965131124e-21,3.583636317366903e-19
6320.0,1.5756575430879647e-21,3.5779163121946213e-19
6330.0,1.578373022461378e-21,3.570793347343519e-19
6340.0,1.5480953919123847e-21,3.563215506094791e-19
6350.0,1.5411648860898812e-21,3.5540657988936286e-19
6360.0,1.5199876370646155e-21,3.5480848292958154e-19
6370.0,1.5218796253046354e-21,3.5400909005272314e-19
6380.0,1.4935778183641991e-21,3.533989254498251e-19
6390.0,1.4963602955204995e-21,3.526130942258048e-19
6400.0,1.4706276007536612e-21,3.5181981816320883e-19
6410.0,1.4700535477106398e-21,3.512606486061548e-19
6420.0,1.4407619386367149e-21,3.505173037505156e-19
6430.0,1.4314240051724554e-21,3.497083053189014e-19
6440.0,1.4310188951571252e-21,3.491578561339344e-19
6450.0,1.4026317943040773e-21,3.4841418807505237e-19
6460.0,1.3966634549275101e-21,3.4785496908373455e-19
6470.0,1.379103890289299e-21,3.4711083604159503e-19
6480.0,1.3658774496358223e-21,3.463190428934617e-19
6490.0,1.3674810372261787e-21,3.456334557134011e-19
6500.0,1.3533285409767543e-21,3.449212783250263e-19
6510.0,1.3421820946909751e-21,3.442656997710078e-19
6520.0,1.3209061112717151e-21,3.4376914684003763e-19
6530.0,1.3188771600307808e-21,3.429482939627168e-19
6540.0,1.308286672968654e-21,3.423559557606611e-19
6550.0,1.2962359625724988e-21,3.4166312470176014e-19
6560.0,1.280285869642604e-21,3.409318401801372e-19
6570.0,1.2597642875250965e-21,3.404130080381507e-19
6580.0,1.2483336236675397e-21,3.3975746023878645e-19
6590.0,1.237285483676098e-21,3.391245151776794e-19
6600.0,1.231591495437382e-21,3.3856854614185393e-19
6610.0,1.2204791875991842e-21,3.377139831948521e-19
6620.0,1.2069544190185626e-21,3.370965683638409e-19
6630.0,1.2017948024316654e-21,3.364626974167916e-19
6640.0,1.1859179197539499e-21,3.3603138977887753e-19
6650.0,1.1718056125693276e-21,3.3532241960843503e-19
6660.0,1.1735926010032058e-21,3.3467684055319706e-19
6670.0,1.1619099597881434e-21,3.341522231098642e-19
6680.0,1.1465849948255378e-21,3.3357636533483e-19
6690.0,1.135345634227528e-21,3.3296556126093004e-19
6700.0,1.119866525734393e-21,3.32261891535918e-19
6710.0,1.1099691657612879e-21,3.3162097871681284e-19
6720.0,1.101346049078121e-21,3.3098276099513184e-19
6730.0,1.0910575729478853e-21,3.303938766019012e-19
6740.0,1.0883571637491875e-21,3.2978583516188886e-19
6750.0,1.0814209541582003e-21,3.292786146507311e-19
6760.0,1.060335952271205e-21,3.2870138643857416e-19
6770.0,1.0603909629388501e-21,3.2818564360762475e-19
6780.0,1.0503761839748218e-21,3.2761205383171916e-19
6790.0,1.0316728087557824e-21,3.269667775280362e-19
6800.0,1.0322698478643547e-21,3.2634278215977426e-19
6810.0,1.0132305976020387e-21,3.25846206543002e-19
6820.0,1.012465223801187e-21,3.2518463666533255e-19
6830.0,1.0031061094307783e-21,3.2462031460898236e-19
6840.0,9.946639273117555e-22,3.2418996319853015e-19
6850.0,9.772566356180939e-22,3.2351485680774847e-19
6860.0,9.693821807890422e-22,3.2308736051415667e-19
6870.0,9.586527573010635e-22,3.2248122838798504e-19
6880.0,9.49746380747891e-22,3.2192060296724553e-19
6890.0,9.41013756466103e-22,3.213756990874622e-19
6900.0,9.420070395441921e-22,3.20824798095428e-19
6910.0,9.326241750836673e-22,3.203436478328855e-19
6920.0,9.162407044916596e-22,3.198073034655547e-19
6930.0,9.08655015574056e-22,3.192907364022899e-19
6940.0,9.030576477610368e-22,3.187803134760612e-19
6950.0,8.901466479695596e-22,3.181765556322285e-19
6960.0,8.902962676633837e-22,3.1768907162936005e-19
6970.0,8.75050645499688e-22,3.170548046349724e-19
6980.0,8.685740324656843e-22,3.1651939378596556e-19
6990.0,8.633751372821253e-22,3.161663287556101e-19
7000.0,8.538565814629378e-22,3.154888891556562e-19
7010.0,8.492911684548202e-22,3.150147188338313e-19
7020.0,8.422413045207574e-22,3.145522994171058e-19
7030.0,8.2594499896521545e-22,3.1404018475695947e-19
7040.0,8.230181786538994e-22,3.134691336722892e-19
7050.0,8.116620227991392e-22,3.1299154860343613e-19
7060.0,8.109445960240174e-22,3.125801688007926e-19
7070.0,8.034657652950733e-22,3.120701821869594e-19
7080.0,7.89001324752471e-22,3.116212092225281e-19
7090.0,7.810482588970461e-22,3.1103778255092674e-19
7100.0,7.732046125993703e-22,3.106084435400231e-19
7110.0,7.697115471245544e-22,3.1003609127840657e-19
7120.0,7.604625112581722e-22,3.0969830179728435e-19
7130.0,7.546599217787743e-22,3.0923186666685618e-19
7140.0,7.442737502882887e-22,3.086846306212343e-19
7150.0,7.37371536166977e-22,3.081828907856424e-19
7160.0,7.302312462002645e-22,3.077236725933172e-19
7170.0,7.269864362120272e-22,3.073483804258995e-19
7180.0,7.17833052543323e-22,3.0686796897150305e-19
7190.0,7.11021898190665e-22,3.062850863215645e-19
7200.0,7.044623107973915e-22,3.0582352641031655e-19
7210.0,7.0137907998953045e-22,3.0537446356066874e-19
7220.0,6.901556796732692e-22,3.049273006855765e-19
7230.0,6.874885598717481e-22,3.0459339122176237e-19
7240.0,6.795066745164325e-22,3.041495955424017e-19
7250.0,6.761684284540867e-22,3.0362779170948983e-19
7260.0,6.683512704428456e-22,3.0313435881433166e-19
7270.0,6.567709739529657e-22,3.027641786754342e-19
7280.0,6.545949461916593e-22,3.0237414396372817e-19
7290.0,6.501506641182023e-22,3.0189704029039476e-19
7300.0,6.402941576086743e-22,3.0136952338941784e-19
7310.0,6.35559262199992e-22,3.0094239876710107e-19
7320.0,6.264028418917047e-22,3.005229200168951e-19
7330.0,6.242492378136809e-22,3.002025903047295e-19
7340.0,6.17156386048918e-22,2.996643086077873e-19
7350.0,6.070745416965372e-22,2.993029034665606e-19
7360.0,6.012935682174783e-22,2.988583988298842e-19
7370.0,5.954280763163535e-22,2.984381391805607e-19
7380.0,5.904877898160863e-22,2.9799847948184094e-19
7390.0,5.838320383404169e-22,2.9760613525308683e-19
7400.0,5.809775854836149e-22,2.9729404364295063e-19
7410.0,5.77102602367131e-22,2.968595606995785e-19
7420.0,5.716060303343398e-22,2.9639646509509087e-19
7430.0,5.624260571009651e-22,2.9607245463480553e-19
7440.0,5.555502602903018e-22,2.95649035141338e-19
7450.0,5.531321934182532e-22,2.952733696031844e-19
7460.0,5.470174856631978e-22,2.9475804637585925e-19
7470.0,5.397087160605478e-22,2.943708489503617e-19
7480.0,5.379098330167428e-22,2.9406452456271654e-19
7490.0,5.32729298645449e-22,2.93632557097003e-19
7500.0,5.245959617993877e-22,2.931960502796129e-19
7510.0,5.217463319754756e-22,2.9290167347734783e-19
7520.0,5.1643687600336615e-22,2.924624957623051e-19
7530.0,5.091579843831382e-22,2.9204912569297666e-19
7540.0,5.016462340868569e-22,2.9169978273702256e-19
7550.0,4.98527494649865e-22,2.9129502429917156e-19
7560.0,4.957805712164153e-22,2.910009825137912e-19
7570.0,4.868473228756433e-22,2.905637190721729e-19
7580.0,4.811130710309631e-22,2.902259134479092e-19
7590.0,4.761168449992047e-22,2.898727273596686e-19
7600.0,4.71445006190413e-22,2.895295495927543e-19
7610.0,4.705722852300117e-22,2.891693942958758e-19
7620.0,4.658936721711035e-22,2.8879118809967293e-19
7630.0,4.584409388817741e-22,2.884760834728386e-19
7640.0,4.5285592818564805e-22,2.881102175601909e-19
7650.0,4.49412765068645e-22,2.8765568155875686e-19
7660.0,4.424677394424173e-22,2.873437542477903e-19
7670.0,4.419253720929753e-22,2.870232949666767e-19
7680.0,4.356964075933913e-22,2.86711464217136e-19
7690.0,4.288028606384786e-22,2.8628451405499775e-19
7700.0,4.271305677556058e-22,2.8592353123498206e-19
7710.0,4.211373269263551e-22,2.8567687558898286e-19
7720.0,4.1686282845632443e-22,2.852325107932355e-19
7730.0,4.109492593448458e-22,2.8497598580837305e-19
7740.0,4.0656407317152815e-22,2.846404601891292e-19
7750.0,4.021834526379626e-22,2.842436193725139e-19
7760.0,4.009040487220333e-22,2.839768040637482e-19
7770.0,3.93239254586708e-22,2.836270776214301e-19
7780.0,3.8937864044419475e-22,2.832501036922076e-19
7790.0,3.8475302579546125e-22,2.8297355984891796e-19
7800.0,3.838231414007614e-22,2.826647282931246e-19
7810.0,3.7980262713966807e-22,2.8233326864137804e-19
7820.0,3.7518627183403065e-22,2.8203000479034707e-19
7830.0,3.7029472025753207e-22,2.8162684888288415e-19
7840.0,3.6418340384607165e-22,2.8133448437671277e-19
7850.0,3.6332995185858037e-22,2.8106300369189296e-19
7860.0,3.5597493070220306e-22,2.8072735184127015e-19
7870.0,3.5268515849093834e-22,2.804570180549836e-19
7880.0,3.496954695774936e-22,2.801586089947554e-19
7890.0,3.4429854021049497e-22,2.798207810121557e-19
7900.0,3.4286844930463795e-22,2.7953929824168177e-19
7910.0,3.3955040156240836e-22,2.791765466702449e-19
7920.0,3.352622422274412e-22,2.7885931762168977e-19
7930.0,3.304555743799732e-22,2.7864198981527215e-19
7940.0,3.257491261084096e-22,2.7826072903556855e-19
7950.0,3.236613802741586e-22,2.7804449780623707e-19
7960.0,3.202995974095239e-22,2.7774397041144067e-19
7970.0,3.1706665654836506e-22,2.774309653308585e-19
7980.0,3.1323480748075965e-22,2.771522952038719e-19
7990.0,3.0783162365873453e-22,2.7688050909958063e-19
8000.0,3.033228382572446e-22,2.7656165315133994e-19
8010.0,3.0247144755683758e-22,2.762474726057945e-19
8020.0,2.9705556620618816e-22,2.760244537870407e-19
8030.0,2.9414473325584323e-22,2.7574818664414083e-19
8040.0,2.893463014978209e-22,2.754135174716964e-19
8050.0,2.8693221646828365e-22,2.751059914380283e-19
8060.0,2.852141062369045e-22,2.7486473263739257e-19
8070.0,2.818250274720405e-22,2.746083005357503e-19
8080.0,2.7634224248854945e-22,2.742917839892203e-19
8090.0,2.73828174245321e-22,2.7401470612708497e-19
8100.0,2.70894010395297e-22,2.737487794553257e-19
8110.0,2.6844172930221586e-22,2.7350736267604087e-19
8120.0,2.630385700855002e-22,2.732279390767929e-19
8130.0,2.6030988070378627e-22,2.7303180929231807e-19
8140.0,2.5796253721281863e-22,2.726937171855257e-19
8150.0,2.556623663324641e-22,2.724755221315829e-19
8160.0,2.504763461144286e-22,2.7224478797205617e-19
8170.0,2.4924733477312685e-22,2.7197840405597948e-19
8180.0,2.45554738719124e-22,2.7174148432164174e-19
8190.0,2.419921639051151e-22,2.7141146509967245e-19
8200.0,2.394537971568686e-22,2.711642964502591e-19
8210.0,2.3655417416147916e-22,2.7098580725014535e-19
8220.0,2.337587209796425e-22,2.7073345052671265e-19
8230.0,2.310857635757923e-22,2.70442718416989e-19
8240.0,2.2679795625785914e-22,2.7017538951299445e-19
8250.0,2.238738308947757e-22,2.7000677273367512e-19
8260.0,2.2117418553263265e-22,2.69767179428663e-19
8270.0,2.1825930358153296e-22,2.695272865771298e-19
8280.0,2.1551723300652495e-22,2.69290009899725e-19
8290.0,2.1373636716816877e-22,2.689983383338985e-19
8300.0,2.1104797100212582e-22,2.6877338089526026e-19
8310.0,2.0803414412346218e-22,2.685755971554436e-19
8320.0,2.0541583831411199e-22,2.6830025640961043e-19
8330.0,2.0282394197026769e-22,2.6808437705999726e-19
8340.0,1.9823228766807358e-22,2.6787623411097394e-19
8350.0,1.9595723580866969e-22,2.6760340041217594e-19
8360.0,1.9428394524654446e-22,2.674430639189059e-19
8370.0,1.9025330969557317e-22,2.671931564358936e-19
8380.0,1.8865582379324828e-22,2.6693066063087915e-19
8390.0,1.8683972656606972e-22,2.6672926590494026e-19
8400.0,1.8334551999051005e-22,2.665636314085672e-19
8410.0,1.8186014234987998e-22,2.663083087414127e-19
8420.0,1.7909357203057703e-22,2.660734810717194e-19
8430.0,1.764271331025051e-22,2.659141303429793e-19
8440.0,1.7263544535583626e-22,2.656624208709068e-19
8450.0,1.710765338478733e-22,2.654965962382115e-19
8460.0,1.6933361810896455e-22,2.652340435200253e-19
8470.0,1.6538484616877692e-22,2.650415906538385e-19
8480.0,1.6324921377559165e-22,2.6486396126081567e-19
8490.0,1.6141688859078318e-22,2.6460343536951803e-19
8500.0,1.5980374772286032e-22,2.6441392665114297e-19
8510.0,1.56096917268603e-22,2.642212685832529e-19
8520.0,1.543352186041605e-22,2.6400268183462356e-19
8530.0,1.5196221133248106e-22,2.6386674021408726e-19
8540.0,1.5003568497172772e-22,2.63607996554417e-19
8550.0,1.4706889495655336e-22,2.6343693379941103e-19
8560.0,1.4600062395947321e-22,2.6322560840330957e-19
8570.0,1.4266548215847515e-22,2.6305904065381753e-19
8580.0,1.419616368471653e-22,2.6286216389663454e-19
8590.0,1.396551250665769e-22,2.627048544977572e-19
8600.0,1.3724957761910204e-22,2.625257763286282e-19
8610.0,1.3427863229589216e-22,2.6232786694261815e-19
8620.0,1.3321703294800217e-22,2.6215176115720303e-19
8630.0,1.3129791650020854e-22,2.619618174581788e-19
8640.0,1.286664203154938e-22,2.617316878049024e-19
8650.0,1.2625564668330524e-22,2.615572205635167e-19
8660.0,1.252897705886694e-22,2.6141166642086825e-19
8670.0,1.2273588139049172e-22,2.612592151029758e-19
8680.0,1.203281034611714e-22,2.610271424890191e-19
8690.0,1.185576952285088e-22,2.608504326481946e-19
8700.0,1.165234031652675e-22,2.6073536610499404e-19
8710.0,1.1429637989107725e-22,2.605496227139478e-19
8720.0,1.1236802739432786e-22,2.603749754027554e-19
8730.0,1.1170211788986877e-22,2.6019625595684414e-19
8740.0,1.0922963851657145e-22,2.6006370718827335e-19
8750.0,1.0794133966117275e-22,2.5985754516437945e-19
8760.0,1.0509899902704216e-22,2.5968815297980765e-19
8770.0,1.0388682417408003e-22,2.595727230167371e-19
8780.0,1.018658516492916e-22,2.594117689680276e-19
8790.0,9.970418548856452e-23,2.592121338471155e-19
8800.0,9.794141453878721e-23,2.5907544997711267e-19
8810.0,9.693062073141488e-23,2.5893780726330635e-19
8820.0,9.539335054285228e-23,2.587775306124497e-19
8830.0,9.297034385634435e-23,2.58623221870012e-19
8840.0,9.202123096032154e-23,2.5847162134409226e-19
8850.0,8.954178171980568e-23,2.5828615126520294e-19
8860.0,8.886499660438222e-23,2.581487745202061e-19
8870.0,8.626823210772384e-23,2.5799155889101054e-19
8880.0,8.516800586556238e-23,2.578850736617211e-19
8890.0,8.30973521778728e-23,2.5772565855596987e-19
8900.0,8.211602662674838e-23,2.5759533049077313e-19
8910.0,8.085549196255538e-23,2.5741954020113697e-19
8920.0,7.845111263974019e-23,2.5730007149306795e-19
8930.0,7.689580106205777e-23,2.5713848460969366e-19
8940.0,7.589240634764879e-23,2.569834362049888e-19
8950.0,7.412527141692644e-23,2.568498751028474e-19
8960.0,7.308192132102734e-23,2.5671541510338805e-19
8970.0,7.179733760855828e-23,2.5661795690546983e-19
8980.0,7.024878655581904e-23,2.564930737751501e-19
8990.0,6.827195293656135e-23,2.5632167677362643e-19
9000.0,6.751412396608812e-23,2.5620040615837973e-19
9010.0,6.616371552371742e-23,2.560814714354628e-19
9020.0,6.429814913493585e-23,2.5593211911397376e-19
9030.0,6.26558512641635e-23,2.5584233636475725e-19
9040.0,6.129860432350682e-23,2.557006019765611e-19
9050.0,6.024900337722381e-23,2.5556086851499554e-19
9060.0,5.873973861697428e-23,2.554483335690222e-19
9070.0,5.805371417424295e-23,2.553298489437312e-19
9080.0,5.66440282187583e-23,2.5520379832372644e-19
9090.0,5.513220971653491e-23,2.551326466722663e-19
9100.0,5.360015689072325e-23,2.549931376037213e-19
9110.0,5.239487168681869e-23,2.5488602151046386e-19
9120.0,5.1503466170709237e-23,2.547404419374397e-19
9130.0,5.003238407894412e-23,2.546386958072161e-19
9140.0,4.941605699627099e-23,2.545551892099442e-19
9150.0,4.762659384218039e-23,2.5443535014206423e-19
9160.0,4.6723180339969754e-23,2.5434889888388946e-19
9170.0,4.5794746544776694e-23,2.5419764052726337e-19
9180.0,4.467705253813073e-23,2.5413557999103e-19
9190.0,4.367998489851804e-23,2.540244218338663e-19
9200.0,4.2398090786038185e-23,2.539309537284796e-19
9210.0,4.1368965898701457e-23,2.5378515440456196e-19
9220.0,4.0225438594169245e-23,2.5368380050835224e-19
9230.0,3.919503018345652e-23,2.536313069824064e-19
9240.0,3.7886267726988935e-23,2.5349683956056647e-19
9250.0,3.7097085815542845e-23,2.534383979021025e-19
9260.0,3.6335858654099955e-23,2.5333017285969987e-19
9270.0,3.4981045351396675e-23,2.5320698491332993e-19
9280.0,3.43716403315948e-23,2.531425273976715e-19
9290.0,3.298707565626607e-23,2.530282181996155e-19
9300.0,3.225064741397459e-23,2.5293377467493857e-19
9310.0,3.152929228954561e-23,2.528684489174209e-19
9320.0,3.0127983916974854e-23,2.52775464139738e-19
9330.0,2.962580916036242e-23,2.527120649485459e-19
9340.0,2.843916654294722e-23,2.5259361525237247e-19
9350.0,2.771468446748958e-23,2.525072637259698e-19
9360.0,2.6754323481598575e-23,2.5242731667065007e-19
9370.0,2.6206186919494116e-23,2.523728565246798e-19
9380.0,2.5049116544209837e-23,2.523069803006524e-19
9390.0,2.4491276743626883e-23,2.5219584435398872e-19
9400.0,2.3530825732374276e-23,2.521133663066811e-19
9410.0,2.2947948306881652e-23,2.5206468415767853e-19
9420.0,2.1814355211691244e-23,2.5199824456625186e-19
9430.0,2.1366639042029446e-23,2.519008117557362e-19
9440.0,2.0380647763339954e-23,2.518237322410522e-19
9450.0,1.9917041894297306e-23,2.517703985618579e-19
9460.0,1.8832827056970096e-23,2.517043522245206e-19
9470.0,1.838129865327204e-23,2.5165577238514245e-19
9480.0,1.767799853338725e-23,2.515901645482932e-19
9490.0,1.685235501924543e-23,2.5148837187830446e-19
9500.0,1.6227761258913192e-23,2.514230370023124e-19
9510.0,1.5751665519199868e-23,2.5136864027749617e-19
9520.0,1.5136326776151496e-23,2.5132506974391595e-19
9530.0,1.4211460623010322e-23,2.5126312151226987e-19
9540.0,1.3625794489038388e-23,2.5121216615131557e-19
9550.0,1.3223667539094268e-23,2.5112711640049843e-19
9560.0,1.2655273279605078e-23,2.510728492242552e-19
9570.0,1.202445040543012e-23,2.5101481660627e-19
9580.0,1.1553772527409832e-23,2.5096931029070347e-19
9590.0,1.0776130382163857e-23,2.5092919670251385e-19
9600.0,1.0258152863108779e-23,2.508848005720438e-19
9610.0,9.969030547348376e-24,2.5083800319637164e-19
9620.0,9.257765333464862e-24,2.507906869911215e-19
9630.0,8.807479272418319e-24,2.5074989821819434e-19
9640.0,8.428125035896594e-24,2.5066992612050593e-19
9650.0,7.880447077306391e-24,2.506604163085159e-19
9660.0,7.57243586776804e-24,2.506104719119806e-19
9670.0,6.948620180387807e-24,2.5056154988999605e-19
9680.0,6.5386330037119294e-24,2.505264194794303e-19
9690.0,6.285256244339124e-24,2.5049141778135493e-19
9700.0,5.755655681332639e-24,2.5042755922177604e-19
9710.0,5.463871476052363e-24,2.5042150270212226e-19
9720.0,4.996582373037535e-24,2.5037778596055463e-19
9730.0,4.6787888040102736e-24,2.5035068430120214e-19
9740.0,4.434465080144461e-24,2.502919224033223e-19
9750.0,3.969517358763821e-24,2.502619076366539e-19
9760.0,3.7136697559683696e-24,2.502564703110671e-19
9770.0,3.447101316096091e-24,2.5019309814255964e-19
9780.0,3.1333966668370934e-24,2.5016314987502922e-19
9790.0,2.7970988597589974e-24,2.501644157931627e-19
9800.0,2.5343000027331192e-24,2.50138668168088e-19
9810.0,2.379184910928702e-24,2.500971855361676e-19
9820.0,2.1074985594452157e-24,2.500645394129249e-19
9830.0,1.8887454175396326e-24,2.5004421737596406e-19
9840.0,1.6439229434605513e-24,2.5005612484080375e-19
9850.0,1.4438907794250766e-24,2.500366992667008e-19
9860.0,1.2990925732445332e-24,2.500091836531354e-19
9870.0,1.0742940119122361e-24,2.50000226781952e-19
9880.0,9.128851862187477e-25,2.499538122580392e-19
9890.0,8.084716898741825e-25,2.4996097771529215e-19
9900.0,6.316135987983674e-25,2.499266148692142e-19
9910.0,5.170950858622536e-25,2.4991314377045934e-19
9920.0,3.9869458762520943e-25,2.499321449051138e-19
9930.0,3.3015889531048676e-25,2.499211243395579e-19
9940.0,2.4511654836534205e-25,2.498915729272791e-19
9950.0,1.546505001167753e-25,2.498804006749543e-19
9960.0,1.1366433874588113e-25,2.49893819516669e-19
9970.0,6.597879719018974e-26,2.4988923310574076e-19
9980.0,2.4234678466638968e-26,2.498973512213762e-19
9990.0,6.0582833516803375e-27,2.4989588916034927e-19
10000.0,3.5370883891242843e-29,1.249438710117435e-19
